fault_id,format,target_id,target_name,vector_id,bit_id,fault_type
0,FP16,0,R,0,0,bflip
1,FP16,0,R,0,1,bflip
2,FP16,0,R,0,2,bflip
3,FP16,0,R,0,3,bflip
4,FP16,0,R,0,4,bflip
5,FP16,0,R,0,5,bflip
6,FP16,0,R,0,6,bflip
7,FP16,0,R,0,7,bflip
8,FP16,0,R,0,8,bflip
9,FP16,0,R,0,9,bflip
10,FP16,0,R,0,10,bflip
11,FP16,0,R,0,11,bflip
12,FP16,0,R,0,12,bflip
13,FP16,0,R,0,13,bflip
14,FP16,0,R,0,14,bflip
15,FP16,0,R,0,15,bflip
16,FP16,0,R,1,0,bflip
17,FP16,0,R,1,1,bflip
18,FP16,0,R,1,2,bflip
19,FP16,0,R,1,3,bflip
20,FP16,0,R,1,4,bflip
21,FP16,0,R,1,5,bflip
22,FP16,0,R,1,6,bflip
23,FP16,0,R,1,7,bflip
24,FP16,0,R,1,8,bflip
25,FP16,0,R,1,9,bflip
26,FP16,0,R,1,10,bflip
27,FP16,0,R,1,11,bflip
28,FP16,0,R,1,12,bflip
29,FP16,0,R,1,13,bflip
30,FP16,0,R,1,14,bflip
31,FP16,0,R,1,15,bflip
32,FP16,0,R,2,0,bflip
33,FP16,0,R,2,1,bflip
34,FP16,0,R,2,2,bflip
35,FP16,0,R,2,3,bflip
36,FP16,0,R,2,4,bflip
37,FP16,0,R,2,5,bflip
38,FP16,0,R,2,6,bflip
39,FP16,0,R,2,7,bflip
40,FP16,0,R,2,8,bflip
41,FP16,0,R,2,9,bflip
42,FP16,0,R,2,10,bflip
43,FP16,0,R,2,11,bflip
44,FP16,0,R,2,12,bflip
45,FP16,0,R,2,13,bflip
46,FP16,0,R,2,14,bflip
47,FP16,0,R,2,15,bflip
48,FP16,0,R,3,0,bflip
49,FP16,0,R,3,1,bflip
50,FP16,0,R,3,2,bflip
51,FP16,0,R,3,3,bflip
52,FP16,0,R,3,4,bflip
53,FP16,0,R,3,5,bflip
54,FP16,0,R,3,6,bflip
55,FP16,0,R,3,7,bflip
56,FP16,0,R,3,8,bflip
57,FP16,0,R,3,9,bflip
58,FP16,0,R,3,10,bflip
59,FP16,0,R,3,11,bflip
60,FP16,0,R,3,12,bflip
61,FP16,0,R,3,13,bflip
62,FP16,0,R,3,14,bflip
63,FP16,0,R,3,15,bflip
64,FP16,0,R,4,0,bflip
65,FP16,0,R,4,1,bflip
66,FP16,0,R,4,2,bflip
67,FP16,0,R,4,3,bflip
68,FP16,0,R,4,4,bflip
69,FP16,0,R,4,5,bflip
70,FP16,0,R,4,6,bflip
71,FP16,0,R,4,7,bflip
72,FP16,0,R,4,8,bflip
73,FP16,0,R,4,9,bflip
74,FP16,0,R,4,10,bflip
75,FP16,0,R,4,11,bflip
76,FP16,0,R,4,12,bflip
77,FP16,0,R,4,13,bflip
78,FP16,0,R,4,14,bflip
79,FP16,0,R,4,15,bflip
80,FP16,0,R,5,0,bflip
81,FP16,0,R,5,1,bflip
82,FP16,0,R,5,2,bflip
83,FP16,0,R,5,3,bflip
84,FP16,0,R,5,4,bflip
85,FP16,0,R,5,5,bflip
86,FP16,0,R,5,6,bflip
87,FP16,0,R,5,7,bflip
88,FP16,0,R,5,8,bflip
89,FP16,0,R,5,9,bflip
90,FP16,0,R,5,10,bflip
91,FP16,0,R,5,11,bflip
92,FP16,0,R,5,12,bflip
93,FP16,0,R,5,13,bflip
94,FP16,0,R,5,14,bflip
95,FP16,0,R,5,15,bflip
96,FP16,0,R,6,0,bflip
97,FP16,0,R,6,1,bflip
98,FP16,0,R,6,2,bflip
99,FP16,0,R,6,3,bflip
100,FP16,0,R,6,4,bflip
101,FP16,0,R,6,5,bflip
102,FP16,0,R,6,6,bflip
103,FP16,0,R,6,7,bflip
104,FP16,0,R,6,8,bflip
105,FP16,0,R,6,9,bflip
106,FP16,0,R,6,10,bflip
107,FP16,0,R,6,11,bflip
108,FP16,0,R,6,12,bflip
109,FP16,0,R,6,13,bflip
110,FP16,0,R,6,14,bflip
111,FP16,0,R,6,15,bflip
112,FP16,0,R,7,0,bflip
113,FP16,0,R,7,1,bflip
114,FP16,0,R,7,2,bflip
115,FP16,0,R,7,3,bflip
116,FP16,0,R,7,4,bflip
117,FP16,0,R,7,5,bflip
118,FP16,0,R,7,6,bflip
119,FP16,0,R,7,7,bflip
120,FP16,0,R,7,8,bflip
121,FP16,0,R,7,9,bflip
122,FP16,0,R,7,10,bflip
123,FP16,0,R,7,11,bflip
124,FP16,0,R,7,12,bflip
125,FP16,0,R,7,13,bflip
126,FP16,0,R,7,14,bflip
127,FP16,0,R,7,15,bflip
128,FP16,0,R,8,0,bflip
129,FP16,0,R,8,1,bflip
130,FP16,0,R,8,2,bflip
131,FP16,0,R,8,3,bflip
132,FP16,0,R,8,4,bflip
133,FP16,0,R,8,5,bflip
134,FP16,0,R,8,6,bflip
135,FP16,0,R,8,7,bflip
136,FP16,0,R,8,8,bflip
137,FP16,0,R,8,9,bflip
138,FP16,0,R,8,10,bflip
139,FP16,0,R,8,11,bflip
140,FP16,0,R,8,12,bflip
141,FP16,0,R,8,13,bflip
142,FP16,0,R,8,14,bflip
143,FP16,0,R,8,15,bflip
144,FP16,0,R,9,0,bflip
145,FP16,0,R,9,1,bflip
146,FP16,0,R,9,2,bflip
147,FP16,0,R,9,3,bflip
148,FP16,0,R,9,4,bflip
149,FP16,0,R,9,5,bflip
150,FP16,0,R,9,6,bflip
151,FP16,0,R,9,7,bflip
152,FP16,0,R,9,8,bflip
153,FP16,0,R,9,9,bflip
154,FP16,0,R,9,10,bflip
155,FP16,0,R,9,11,bflip
156,FP16,0,R,9,12,bflip
157,FP16,0,R,9,13,bflip
158,FP16,0,R,9,14,bflip
159,FP16,0,R,9,15,bflip
160,FP16,0,R,10,0,bflip
161,FP16,0,R,10,1,bflip
162,FP16,0,R,10,2,bflip
163,FP16,0,R,10,3,bflip
164,FP16,0,R,10,4,bflip
165,FP16,0,R,10,5,bflip
166,FP16,0,R,10,6,bflip
167,FP16,0,R,10,7,bflip
168,FP16,0,R,10,8,bflip
169,FP16,0,R,10,9,bflip
170,FP16,0,R,10,10,bflip
171,FP16,0,R,10,11,bflip
172,FP16,0,R,10,12,bflip
173,FP16,0,R,10,13,bflip
174,FP16,0,R,10,14,bflip
175,FP16,0,R,10,15,bflip
176,FP16,0,R,11,0,bflip
177,FP16,0,R,11,1,bflip
178,FP16,0,R,11,2,bflip
179,FP16,0,R,11,3,bflip
180,FP16,0,R,11,4,bflip
181,FP16,0,R,11,5,bflip
182,FP16,0,R,11,6,bflip
183,FP16,0,R,11,7,bflip
184,FP16,0,R,11,8,bflip
185,FP16,0,R,11,9,bflip
186,FP16,0,R,11,10,bflip
187,FP16,0,R,11,11,bflip
188,FP16,0,R,11,12,bflip
189,FP16,0,R,11,13,bflip
190,FP16,0,R,11,14,bflip
191,FP16,0,R,11,15,bflip
192,FP16,0,R,12,0,bflip
193,FP16,0,R,12,1,bflip
194,FP16,0,R,12,2,bflip
195,FP16,0,R,12,3,bflip
196,FP16,0,R,12,4,bflip
197,FP16,0,R,12,5,bflip
198,FP16,0,R,12,6,bflip
199,FP16,0,R,12,7,bflip
200,FP16,0,R,12,8,bflip
201,FP16,0,R,12,9,bflip
202,FP16,0,R,12,10,bflip
203,FP16,0,R,12,11,bflip
204,FP16,0,R,12,12,bflip
205,FP16,0,R,12,13,bflip
206,FP16,0,R,12,14,bflip
207,FP16,0,R,12,15,bflip
208,FP16,0,R,13,0,bflip
209,FP16,0,R,13,1,bflip
210,FP16,0,R,13,2,bflip
211,FP16,0,R,13,3,bflip
212,FP16,0,R,13,4,bflip
213,FP16,0,R,13,5,bflip
214,FP16,0,R,13,6,bflip
215,FP16,0,R,13,7,bflip
216,FP16,0,R,13,8,bflip
217,FP16,0,R,13,9,bflip
218,FP16,0,R,13,10,bflip
219,FP16,0,R,13,11,bflip
220,FP16,0,R,13,12,bflip
221,FP16,0,R,13,13,bflip
222,FP16,0,R,13,14,bflip
223,FP16,0,R,13,15,bflip
224,FP16,0,R,14,0,bflip
225,FP16,0,R,14,1,bflip
226,FP16,0,R,14,2,bflip
227,FP16,0,R,14,3,bflip
228,FP16,0,R,14,4,bflip
229,FP16,0,R,14,5,bflip
230,FP16,0,R,14,6,bflip
231,FP16,0,R,14,7,bflip
232,FP16,0,R,14,8,bflip
233,FP16,0,R,14,9,bflip
234,FP16,0,R,14,10,bflip
235,FP16,0,R,14,11,bflip
236,FP16,0,R,14,12,bflip
237,FP16,0,R,14,13,bflip
238,FP16,0,R,14,14,bflip
239,FP16,0,R,14,15,bflip
240,FP16,0,R,15,0,bflip
241,FP16,0,R,15,1,bflip
242,FP16,0,R,15,2,bflip
243,FP16,0,R,15,3,bflip
244,FP16,0,R,15,4,bflip
245,FP16,0,R,15,5,bflip
246,FP16,0,R,15,6,bflip
247,FP16,0,R,15,7,bflip
248,FP16,0,R,15,8,bflip
249,FP16,0,R,15,9,bflip
250,FP16,0,R,15,10,bflip
251,FP16,0,R,15,11,bflip
252,FP16,0,R,15,12,bflip
253,FP16,0,R,15,13,bflip
254,FP16,0,R,15,14,bflip
255,FP16,0,R,15,15,bflip
256,FP16,0,R,16,0,bflip
257,FP16,0,R,16,1,bflip
258,FP16,0,R,16,2,bflip
259,FP16,0,R,16,3,bflip
260,FP16,0,R,16,4,bflip
261,FP16,0,R,16,5,bflip
262,FP16,0,R,16,6,bflip
263,FP16,0,R,16,7,bflip
264,FP16,0,R,16,8,bflip
265,FP16,0,R,16,9,bflip
266,FP16,0,R,16,10,bflip
267,FP16,0,R,16,11,bflip
268,FP16,0,R,16,12,bflip
269,FP16,0,R,16,13,bflip
270,FP16,0,R,16,14,bflip
271,FP16,0,R,16,15,bflip
272,FP16,0,R,17,0,bflip
273,FP16,0,R,17,1,bflip
274,FP16,0,R,17,2,bflip
275,FP16,0,R,17,3,bflip
276,FP16,0,R,17,4,bflip
277,FP16,0,R,17,5,bflip
278,FP16,0,R,17,6,bflip
279,FP16,0,R,17,7,bflip
280,FP16,0,R,17,8,bflip
281,FP16,0,R,17,9,bflip
282,FP16,0,R,17,10,bflip
283,FP16,0,R,17,11,bflip
284,FP16,0,R,17,12,bflip
285,FP16,0,R,17,13,bflip
286,FP16,0,R,17,14,bflip
287,FP16,0,R,17,15,bflip
288,FP16,0,R,18,0,bflip
289,FP16,0,R,18,1,bflip
290,FP16,0,R,18,2,bflip
291,FP16,0,R,18,3,bflip
292,FP16,0,R,18,4,bflip
293,FP16,0,R,18,5,bflip
294,FP16,0,R,18,6,bflip
295,FP16,0,R,18,7,bflip
296,FP16,0,R,18,8,bflip
297,FP16,0,R,18,9,bflip
298,FP16,0,R,18,10,bflip
299,FP16,0,R,18,11,bflip
300,FP16,0,R,18,12,bflip
301,FP16,0,R,18,13,bflip
302,FP16,0,R,18,14,bflip
303,FP16,0,R,18,15,bflip
304,FP16,0,R,19,0,bflip
305,FP16,0,R,19,1,bflip
306,FP16,0,R,19,2,bflip
307,FP16,0,R,19,3,bflip
308,FP16,0,R,19,4,bflip
309,FP16,0,R,19,5,bflip
310,FP16,0,R,19,6,bflip
311,FP16,0,R,19,7,bflip
312,FP16,0,R,19,8,bflip
313,FP16,0,R,19,9,bflip
314,FP16,0,R,19,10,bflip
315,FP16,0,R,19,11,bflip
316,FP16,0,R,19,12,bflip
317,FP16,0,R,19,13,bflip
318,FP16,0,R,19,14,bflip
319,FP16,0,R,19,15,bflip
320,FP16,0,R,20,0,bflip
321,FP16,0,R,20,1,bflip
322,FP16,0,R,20,2,bflip
323,FP16,0,R,20,3,bflip
324,FP16,0,R,20,4,bflip
325,FP16,0,R,20,5,bflip
326,FP16,0,R,20,6,bflip
327,FP16,0,R,20,7,bflip
328,FP16,0,R,20,8,bflip
329,FP16,0,R,20,9,bflip
330,FP16,0,R,20,10,bflip
331,FP16,0,R,20,11,bflip
332,FP16,0,R,20,12,bflip
333,FP16,0,R,20,13,bflip
334,FP16,0,R,20,14,bflip
335,FP16,0,R,20,15,bflip
336,FP16,0,R,21,0,bflip
337,FP16,0,R,21,1,bflip
338,FP16,0,R,21,2,bflip
339,FP16,0,R,21,3,bflip
340,FP16,0,R,21,4,bflip
341,FP16,0,R,21,5,bflip
342,FP16,0,R,21,6,bflip
343,FP16,0,R,21,7,bflip
344,FP16,0,R,21,8,bflip
345,FP16,0,R,21,9,bflip
346,FP16,0,R,21,10,bflip
347,FP16,0,R,21,11,bflip
348,FP16,0,R,21,12,bflip
349,FP16,0,R,21,13,bflip
350,FP16,0,R,21,14,bflip
351,FP16,0,R,21,15,bflip
352,FP16,0,R,22,0,bflip
353,FP16,0,R,22,1,bflip
354,FP16,0,R,22,2,bflip
355,FP16,0,R,22,3,bflip
356,FP16,0,R,22,4,bflip
357,FP16,0,R,22,5,bflip
358,FP16,0,R,22,6,bflip
359,FP16,0,R,22,7,bflip
360,FP16,0,R,22,8,bflip
361,FP16,0,R,22,9,bflip
362,FP16,0,R,22,10,bflip
363,FP16,0,R,22,11,bflip
364,FP16,0,R,22,12,bflip
365,FP16,0,R,22,13,bflip
366,FP16,0,R,22,14,bflip
367,FP16,0,R,22,15,bflip
368,FP16,0,R,23,0,bflip
369,FP16,0,R,23,1,bflip
370,FP16,0,R,23,2,bflip
371,FP16,0,R,23,3,bflip
372,FP16,0,R,23,4,bflip
373,FP16,0,R,23,5,bflip
374,FP16,0,R,23,6,bflip
375,FP16,0,R,23,7,bflip
376,FP16,0,R,23,8,bflip
377,FP16,0,R,23,9,bflip
378,FP16,0,R,23,10,bflip
379,FP16,0,R,23,11,bflip
380,FP16,0,R,23,12,bflip
381,FP16,0,R,23,13,bflip
382,FP16,0,R,23,14,bflip
383,FP16,0,R,23,15,bflip
384,FP16,0,R,24,0,bflip
385,FP16,0,R,24,1,bflip
386,FP16,0,R,24,2,bflip
387,FP16,0,R,24,3,bflip
388,FP16,0,R,24,4,bflip
389,FP16,0,R,24,5,bflip
390,FP16,0,R,24,6,bflip
391,FP16,0,R,24,7,bflip
392,FP16,0,R,24,8,bflip
393,FP16,0,R,24,9,bflip
394,FP16,0,R,24,10,bflip
395,FP16,0,R,24,11,bflip
396,FP16,0,R,24,12,bflip
397,FP16,0,R,24,13,bflip
398,FP16,0,R,24,14,bflip
399,FP16,0,R,24,15,bflip
400,FP16,0,R,25,0,bflip
401,FP16,0,R,25,1,bflip
402,FP16,0,R,25,2,bflip
403,FP16,0,R,25,3,bflip
404,FP16,0,R,25,4,bflip
405,FP16,0,R,25,5,bflip
406,FP16,0,R,25,6,bflip
407,FP16,0,R,25,7,bflip
408,FP16,0,R,25,8,bflip
409,FP16,0,R,25,9,bflip
410,FP16,0,R,25,10,bflip
411,FP16,0,R,25,11,bflip
412,FP16,0,R,25,12,bflip
413,FP16,0,R,25,13,bflip
414,FP16,0,R,25,14,bflip
415,FP16,0,R,25,15,bflip
416,FP16,0,R,26,0,bflip
417,FP16,0,R,26,1,bflip
418,FP16,0,R,26,2,bflip
419,FP16,0,R,26,3,bflip
420,FP16,0,R,26,4,bflip
421,FP16,0,R,26,5,bflip
422,FP16,0,R,26,6,bflip
423,FP16,0,R,26,7,bflip
424,FP16,0,R,26,8,bflip
425,FP16,0,R,26,9,bflip
426,FP16,0,R,26,10,bflip
427,FP16,0,R,26,11,bflip
428,FP16,0,R,26,12,bflip
429,FP16,0,R,26,13,bflip
430,FP16,0,R,26,14,bflip
431,FP16,0,R,26,15,bflip
432,FP16,0,R,27,0,bflip
433,FP16,0,R,27,1,bflip
434,FP16,0,R,27,2,bflip
435,FP16,0,R,27,3,bflip
436,FP16,0,R,27,4,bflip
437,FP16,0,R,27,5,bflip
438,FP16,0,R,27,6,bflip
439,FP16,0,R,27,7,bflip
440,FP16,0,R,27,8,bflip
441,FP16,0,R,27,9,bflip
442,FP16,0,R,27,10,bflip
443,FP16,0,R,27,11,bflip
444,FP16,0,R,27,12,bflip
445,FP16,0,R,27,13,bflip
446,FP16,0,R,27,14,bflip
447,FP16,0,R,27,15,bflip
448,FP16,0,R,28,0,bflip
449,FP16,0,R,28,1,bflip
450,FP16,0,R,28,2,bflip
451,FP16,0,R,28,3,bflip
452,FP16,0,R,28,4,bflip
453,FP16,0,R,28,5,bflip
454,FP16,0,R,28,6,bflip
455,FP16,0,R,28,7,bflip
456,FP16,0,R,28,8,bflip
457,FP16,0,R,28,9,bflip
458,FP16,0,R,28,10,bflip
459,FP16,0,R,28,11,bflip
460,FP16,0,R,28,12,bflip
461,FP16,0,R,28,13,bflip
462,FP16,0,R,28,14,bflip
463,FP16,0,R,28,15,bflip
464,FP16,0,R,29,0,bflip
465,FP16,0,R,29,1,bflip
466,FP16,0,R,29,2,bflip
467,FP16,0,R,29,3,bflip
468,FP16,0,R,29,4,bflip
469,FP16,0,R,29,5,bflip
470,FP16,0,R,29,6,bflip
471,FP16,0,R,29,7,bflip
472,FP16,0,R,29,8,bflip
473,FP16,0,R,29,9,bflip
474,FP16,0,R,29,10,bflip
475,FP16,0,R,29,11,bflip
476,FP16,0,R,29,12,bflip
477,FP16,0,R,29,13,bflip
478,FP16,0,R,29,14,bflip
479,FP16,0,R,29,15,bflip
480,FP16,0,R,30,0,bflip
481,FP16,0,R,30,1,bflip
482,FP16,0,R,30,2,bflip
483,FP16,0,R,30,3,bflip
484,FP16,0,R,30,4,bflip
485,FP16,0,R,30,5,bflip
486,FP16,0,R,30,6,bflip
487,FP16,0,R,30,7,bflip
488,FP16,0,R,30,8,bflip
489,FP16,0,R,30,9,bflip
490,FP16,0,R,30,10,bflip
491,FP16,0,R,30,11,bflip
492,FP16,0,R,30,12,bflip
493,FP16,0,R,30,13,bflip
494,FP16,0,R,30,14,bflip
495,FP16,0,R,30,15,bflip
496,FP16,0,R,31,0,bflip
497,FP16,0,R,31,1,bflip
498,FP16,0,R,31,2,bflip
499,FP16,0,R,31,3,bflip
500,FP16,0,R,31,4,bflip
501,FP16,0,R,31,5,bflip
502,FP16,0,R,31,6,bflip
503,FP16,0,R,31,7,bflip
504,FP16,0,R,31,8,bflip
505,FP16,0,R,31,9,bflip
506,FP16,0,R,31,10,bflip
507,FP16,0,R,31,11,bflip
508,FP16,0,R,31,12,bflip
509,FP16,0,R,31,13,bflip
510,FP16,0,R,31,14,bflip
511,FP16,0,R,31,15,bflip
512,FP16,0,R,32,0,bflip
513,FP16,0,R,32,1,bflip
514,FP16,0,R,32,2,bflip
515,FP16,0,R,32,3,bflip
516,FP16,0,R,32,4,bflip
517,FP16,0,R,32,5,bflip
518,FP16,0,R,32,6,bflip
519,FP16,0,R,32,7,bflip
520,FP16,0,R,32,8,bflip
521,FP16,0,R,32,9,bflip
522,FP16,0,R,32,10,bflip
523,FP16,0,R,32,11,bflip
524,FP16,0,R,32,12,bflip
525,FP16,0,R,32,13,bflip
526,FP16,0,R,32,14,bflip
527,FP16,0,R,32,15,bflip
528,FP16,0,R,33,0,bflip
529,FP16,0,R,33,1,bflip
530,FP16,0,R,33,2,bflip
531,FP16,0,R,33,3,bflip
532,FP16,0,R,33,4,bflip
533,FP16,0,R,33,5,bflip
534,FP16,0,R,33,6,bflip
535,FP16,0,R,33,7,bflip
536,FP16,0,R,33,8,bflip
537,FP16,0,R,33,9,bflip
538,FP16,0,R,33,10,bflip
539,FP16,0,R,33,11,bflip
540,FP16,0,R,33,12,bflip
541,FP16,0,R,33,13,bflip
542,FP16,0,R,33,14,bflip
543,FP16,0,R,33,15,bflip
544,FP16,0,R,34,0,bflip
545,FP16,0,R,34,1,bflip
546,FP16,0,R,34,2,bflip
547,FP16,0,R,34,3,bflip
548,FP16,0,R,34,4,bflip
549,FP16,0,R,34,5,bflip
550,FP16,0,R,34,6,bflip
551,FP16,0,R,34,7,bflip
552,FP16,0,R,34,8,bflip
553,FP16,0,R,34,9,bflip
554,FP16,0,R,34,10,bflip
555,FP16,0,R,34,11,bflip
556,FP16,0,R,34,12,bflip
557,FP16,0,R,34,13,bflip
558,FP16,0,R,34,14,bflip
559,FP16,0,R,34,15,bflip
560,FP16,0,R,35,0,bflip
561,FP16,0,R,35,1,bflip
562,FP16,0,R,35,2,bflip
563,FP16,0,R,35,3,bflip
564,FP16,0,R,35,4,bflip
565,FP16,0,R,35,5,bflip
566,FP16,0,R,35,6,bflip
567,FP16,0,R,35,7,bflip
568,FP16,0,R,35,8,bflip
569,FP16,0,R,35,9,bflip
570,FP16,0,R,35,10,bflip
571,FP16,0,R,35,11,bflip
572,FP16,0,R,35,12,bflip
573,FP16,0,R,35,13,bflip
574,FP16,0,R,35,14,bflip
575,FP16,0,R,35,15,bflip
576,FP16,0,R,36,0,bflip
577,FP16,0,R,36,1,bflip
578,FP16,0,R,36,2,bflip
579,FP16,0,R,36,3,bflip
580,FP16,0,R,36,4,bflip
581,FP16,0,R,36,5,bflip
582,FP16,0,R,36,6,bflip
583,FP16,0,R,36,7,bflip
584,FP16,0,R,36,8,bflip
585,FP16,0,R,36,9,bflip
586,FP16,0,R,36,10,bflip
587,FP16,0,R,36,11,bflip
588,FP16,0,R,36,12,bflip
589,FP16,0,R,36,13,bflip
590,FP16,0,R,36,14,bflip
591,FP16,0,R,36,15,bflip
592,FP16,0,R,37,0,bflip
593,FP16,0,R,37,1,bflip
594,FP16,0,R,37,2,bflip
595,FP16,0,R,37,3,bflip
596,FP16,0,R,37,4,bflip
597,FP16,0,R,37,5,bflip
598,FP16,0,R,37,6,bflip
599,FP16,0,R,37,7,bflip
600,FP16,0,R,37,8,bflip
601,FP16,0,R,37,9,bflip
602,FP16,0,R,37,10,bflip
603,FP16,0,R,37,11,bflip
604,FP16,0,R,37,12,bflip
605,FP16,0,R,37,13,bflip
606,FP16,0,R,37,14,bflip
607,FP16,0,R,37,15,bflip
608,FP16,0,R,38,0,bflip
609,FP16,0,R,38,1,bflip
610,FP16,0,R,38,2,bflip
611,FP16,0,R,38,3,bflip
612,FP16,0,R,38,4,bflip
613,FP16,0,R,38,5,bflip
614,FP16,0,R,38,6,bflip
615,FP16,0,R,38,7,bflip
616,FP16,0,R,38,8,bflip
617,FP16,0,R,38,9,bflip
618,FP16,0,R,38,10,bflip
619,FP16,0,R,38,11,bflip
620,FP16,0,R,38,12,bflip
621,FP16,0,R,38,13,bflip
622,FP16,0,R,38,14,bflip
623,FP16,0,R,38,15,bflip
624,FP16,0,R,39,0,bflip
625,FP16,0,R,39,1,bflip
626,FP16,0,R,39,2,bflip
627,FP16,0,R,39,3,bflip
628,FP16,0,R,39,4,bflip
629,FP16,0,R,39,5,bflip
630,FP16,0,R,39,6,bflip
631,FP16,0,R,39,7,bflip
632,FP16,0,R,39,8,bflip
633,FP16,0,R,39,9,bflip
634,FP16,0,R,39,10,bflip
635,FP16,0,R,39,11,bflip
636,FP16,0,R,39,12,bflip
637,FP16,0,R,39,13,bflip
638,FP16,0,R,39,14,bflip
639,FP16,0,R,39,15,bflip
640,FP16,0,R,40,0,bflip
641,FP16,0,R,40,1,bflip
642,FP16,0,R,40,2,bflip
643,FP16,0,R,40,3,bflip
644,FP16,0,R,40,4,bflip
645,FP16,0,R,40,5,bflip
646,FP16,0,R,40,6,bflip
647,FP16,0,R,40,7,bflip
648,FP16,0,R,40,8,bflip
649,FP16,0,R,40,9,bflip
650,FP16,0,R,40,10,bflip
651,FP16,0,R,40,11,bflip
652,FP16,0,R,40,12,bflip
653,FP16,0,R,40,13,bflip
654,FP16,0,R,40,14,bflip
655,FP16,0,R,40,15,bflip
656,FP16,0,R,41,0,bflip
657,FP16,0,R,41,1,bflip
658,FP16,0,R,41,2,bflip
659,FP16,0,R,41,3,bflip
660,FP16,0,R,41,4,bflip
661,FP16,0,R,41,5,bflip
662,FP16,0,R,41,6,bflip
663,FP16,0,R,41,7,bflip
664,FP16,0,R,41,8,bflip
665,FP16,0,R,41,9,bflip
666,FP16,0,R,41,10,bflip
667,FP16,0,R,41,11,bflip
668,FP16,0,R,41,12,bflip
669,FP16,0,R,41,13,bflip
670,FP16,0,R,41,14,bflip
671,FP16,0,R,41,15,bflip
672,FP16,0,R,42,0,bflip
673,FP16,0,R,42,1,bflip
674,FP16,0,R,42,2,bflip
675,FP16,0,R,42,3,bflip
676,FP16,0,R,42,4,bflip
677,FP16,0,R,42,5,bflip
678,FP16,0,R,42,6,bflip
679,FP16,0,R,42,7,bflip
680,FP16,0,R,42,8,bflip
681,FP16,0,R,42,9,bflip
682,FP16,0,R,42,10,bflip
683,FP16,0,R,42,11,bflip
684,FP16,0,R,42,12,bflip
685,FP16,0,R,42,13,bflip
686,FP16,0,R,42,14,bflip
687,FP16,0,R,42,15,bflip
688,FP16,0,R,43,0,bflip
689,FP16,0,R,43,1,bflip
690,FP16,0,R,43,2,bflip
691,FP16,0,R,43,3,bflip
692,FP16,0,R,43,4,bflip
693,FP16,0,R,43,5,bflip
694,FP16,0,R,43,6,bflip
695,FP16,0,R,43,7,bflip
696,FP16,0,R,43,8,bflip
697,FP16,0,R,43,9,bflip
698,FP16,0,R,43,10,bflip
699,FP16,0,R,43,11,bflip
700,FP16,0,R,43,12,bflip
701,FP16,0,R,43,13,bflip
702,FP16,0,R,43,14,bflip
703,FP16,0,R,43,15,bflip
704,FP16,0,R,44,0,bflip
705,FP16,0,R,44,1,bflip
706,FP16,0,R,44,2,bflip
707,FP16,0,R,44,3,bflip
708,FP16,0,R,44,4,bflip
709,FP16,0,R,44,5,bflip
710,FP16,0,R,44,6,bflip
711,FP16,0,R,44,7,bflip
712,FP16,0,R,44,8,bflip
713,FP16,0,R,44,9,bflip
714,FP16,0,R,44,10,bflip
715,FP16,0,R,44,11,bflip
716,FP16,0,R,44,12,bflip
717,FP16,0,R,44,13,bflip
718,FP16,0,R,44,14,bflip
719,FP16,0,R,44,15,bflip
720,FP16,0,R,45,0,bflip
721,FP16,0,R,45,1,bflip
722,FP16,0,R,45,2,bflip
723,FP16,0,R,45,3,bflip
724,FP16,0,R,45,4,bflip
725,FP16,0,R,45,5,bflip
726,FP16,0,R,45,6,bflip
727,FP16,0,R,45,7,bflip
728,FP16,0,R,45,8,bflip
729,FP16,0,R,45,9,bflip
730,FP16,0,R,45,10,bflip
731,FP16,0,R,45,11,bflip
732,FP16,0,R,45,12,bflip
733,FP16,0,R,45,13,bflip
734,FP16,0,R,45,14,bflip
735,FP16,0,R,45,15,bflip
736,FP16,0,R,46,0,bflip
737,FP16,0,R,46,1,bflip
738,FP16,0,R,46,2,bflip
739,FP16,0,R,46,3,bflip
740,FP16,0,R,46,4,bflip
741,FP16,0,R,46,5,bflip
742,FP16,0,R,46,6,bflip
743,FP16,0,R,46,7,bflip
744,FP16,0,R,46,8,bflip
745,FP16,0,R,46,9,bflip
746,FP16,0,R,46,10,bflip
747,FP16,0,R,46,11,bflip
748,FP16,0,R,46,12,bflip
749,FP16,0,R,46,13,bflip
750,FP16,0,R,46,14,bflip
751,FP16,0,R,46,15,bflip
752,FP16,0,R,47,0,bflip
753,FP16,0,R,47,1,bflip
754,FP16,0,R,47,2,bflip
755,FP16,0,R,47,3,bflip
756,FP16,0,R,47,4,bflip
757,FP16,0,R,47,5,bflip
758,FP16,0,R,47,6,bflip
759,FP16,0,R,47,7,bflip
760,FP16,0,R,47,8,bflip
761,FP16,0,R,47,9,bflip
762,FP16,0,R,47,10,bflip
763,FP16,0,R,47,11,bflip
764,FP16,0,R,47,12,bflip
765,FP16,0,R,47,13,bflip
766,FP16,0,R,47,14,bflip
767,FP16,0,R,47,15,bflip
768,FP16,0,R,48,0,bflip
769,FP16,0,R,48,1,bflip
770,FP16,0,R,48,2,bflip
771,FP16,0,R,48,3,bflip
772,FP16,0,R,48,4,bflip
773,FP16,0,R,48,5,bflip
774,FP16,0,R,48,6,bflip
775,FP16,0,R,48,7,bflip
776,FP16,0,R,48,8,bflip
777,FP16,0,R,48,9,bflip
778,FP16,0,R,48,10,bflip
779,FP16,0,R,48,11,bflip
780,FP16,0,R,48,12,bflip
781,FP16,0,R,48,13,bflip
782,FP16,0,R,48,14,bflip
783,FP16,0,R,48,15,bflip
784,FP16,0,R,49,0,bflip
785,FP16,0,R,49,1,bflip
786,FP16,0,R,49,2,bflip
787,FP16,0,R,49,3,bflip
788,FP16,0,R,49,4,bflip
789,FP16,0,R,49,5,bflip
790,FP16,0,R,49,6,bflip
791,FP16,0,R,49,7,bflip
792,FP16,0,R,49,8,bflip
793,FP16,0,R,49,9,bflip
794,FP16,0,R,49,10,bflip
795,FP16,0,R,49,11,bflip
796,FP16,0,R,49,12,bflip
797,FP16,0,R,49,13,bflip
798,FP16,0,R,49,14,bflip
799,FP16,0,R,49,15,bflip
800,FP16,0,R,50,0,bflip
801,FP16,0,R,50,1,bflip
802,FP16,0,R,50,2,bflip
803,FP16,0,R,50,3,bflip
804,FP16,0,R,50,4,bflip
805,FP16,0,R,50,5,bflip
806,FP16,0,R,50,6,bflip
807,FP16,0,R,50,7,bflip
808,FP16,0,R,50,8,bflip
809,FP16,0,R,50,9,bflip
810,FP16,0,R,50,10,bflip
811,FP16,0,R,50,11,bflip
812,FP16,0,R,50,12,bflip
813,FP16,0,R,50,13,bflip
814,FP16,0,R,50,14,bflip
815,FP16,0,R,50,15,bflip
816,FP16,0,R,51,0,bflip
817,FP16,0,R,51,1,bflip
818,FP16,0,R,51,2,bflip
819,FP16,0,R,51,3,bflip
820,FP16,0,R,51,4,bflip
821,FP16,0,R,51,5,bflip
822,FP16,0,R,51,6,bflip
823,FP16,0,R,51,7,bflip
824,FP16,0,R,51,8,bflip
825,FP16,0,R,51,9,bflip
826,FP16,0,R,51,10,bflip
827,FP16,0,R,51,11,bflip
828,FP16,0,R,51,12,bflip
829,FP16,0,R,51,13,bflip
830,FP16,0,R,51,14,bflip
831,FP16,0,R,51,15,bflip
832,FP16,0,R,52,0,bflip
833,FP16,0,R,52,1,bflip
834,FP16,0,R,52,2,bflip
835,FP16,0,R,52,3,bflip
836,FP16,0,R,52,4,bflip
837,FP16,0,R,52,5,bflip
838,FP16,0,R,52,6,bflip
839,FP16,0,R,52,7,bflip
840,FP16,0,R,52,8,bflip
841,FP16,0,R,52,9,bflip
842,FP16,0,R,52,10,bflip
843,FP16,0,R,52,11,bflip
844,FP16,0,R,52,12,bflip
845,FP16,0,R,52,13,bflip
846,FP16,0,R,52,14,bflip
847,FP16,0,R,52,15,bflip
848,FP16,0,R,53,0,bflip
849,FP16,0,R,53,1,bflip
850,FP16,0,R,53,2,bflip
851,FP16,0,R,53,3,bflip
852,FP16,0,R,53,4,bflip
853,FP16,0,R,53,5,bflip
854,FP16,0,R,53,6,bflip
855,FP16,0,R,53,7,bflip
856,FP16,0,R,53,8,bflip
857,FP16,0,R,53,9,bflip
858,FP16,0,R,53,10,bflip
859,FP16,0,R,53,11,bflip
860,FP16,0,R,53,12,bflip
861,FP16,0,R,53,13,bflip
862,FP16,0,R,53,14,bflip
863,FP16,0,R,53,15,bflip
864,FP16,0,R,54,0,bflip
865,FP16,0,R,54,1,bflip
866,FP16,0,R,54,2,bflip
867,FP16,0,R,54,3,bflip
868,FP16,0,R,54,4,bflip
869,FP16,0,R,54,5,bflip
870,FP16,0,R,54,6,bflip
871,FP16,0,R,54,7,bflip
872,FP16,0,R,54,8,bflip
873,FP16,0,R,54,9,bflip
874,FP16,0,R,54,10,bflip
875,FP16,0,R,54,11,bflip
876,FP16,0,R,54,12,bflip
877,FP16,0,R,54,13,bflip
878,FP16,0,R,54,14,bflip
879,FP16,0,R,54,15,bflip
880,FP16,0,R,55,0,bflip
881,FP16,0,R,55,1,bflip
882,FP16,0,R,55,2,bflip
883,FP16,0,R,55,3,bflip
884,FP16,0,R,55,4,bflip
885,FP16,0,R,55,5,bflip
886,FP16,0,R,55,6,bflip
887,FP16,0,R,55,7,bflip
888,FP16,0,R,55,8,bflip
889,FP16,0,R,55,9,bflip
890,FP16,0,R,55,10,bflip
891,FP16,0,R,55,11,bflip
892,FP16,0,R,55,12,bflip
893,FP16,0,R,55,13,bflip
894,FP16,0,R,55,14,bflip
895,FP16,0,R,55,15,bflip
896,FP16,0,R,56,0,bflip
897,FP16,0,R,56,1,bflip
898,FP16,0,R,56,2,bflip
899,FP16,0,R,56,3,bflip
900,FP16,0,R,56,4,bflip
901,FP16,0,R,56,5,bflip
902,FP16,0,R,56,6,bflip
903,FP16,0,R,56,7,bflip
904,FP16,0,R,56,8,bflip
905,FP16,0,R,56,9,bflip
906,FP16,0,R,56,10,bflip
907,FP16,0,R,56,11,bflip
908,FP16,0,R,56,12,bflip
909,FP16,0,R,56,13,bflip
910,FP16,0,R,56,14,bflip
911,FP16,0,R,56,15,bflip
912,FP16,0,R,57,0,bflip
913,FP16,0,R,57,1,bflip
914,FP16,0,R,57,2,bflip
915,FP16,0,R,57,3,bflip
916,FP16,0,R,57,4,bflip
917,FP16,0,R,57,5,bflip
918,FP16,0,R,57,6,bflip
919,FP16,0,R,57,7,bflip
920,FP16,0,R,57,8,bflip
921,FP16,0,R,57,9,bflip
922,FP16,0,R,57,10,bflip
923,FP16,0,R,57,11,bflip
924,FP16,0,R,57,12,bflip
925,FP16,0,R,57,13,bflip
926,FP16,0,R,57,14,bflip
927,FP16,0,R,57,15,bflip
928,FP16,0,R,58,0,bflip
929,FP16,0,R,58,1,bflip
930,FP16,0,R,58,2,bflip
931,FP16,0,R,58,3,bflip
932,FP16,0,R,58,4,bflip
933,FP16,0,R,58,5,bflip
934,FP16,0,R,58,6,bflip
935,FP16,0,R,58,7,bflip
936,FP16,0,R,58,8,bflip
937,FP16,0,R,58,9,bflip
938,FP16,0,R,58,10,bflip
939,FP16,0,R,58,11,bflip
940,FP16,0,R,58,12,bflip
941,FP16,0,R,58,13,bflip
942,FP16,0,R,58,14,bflip
943,FP16,0,R,58,15,bflip
944,FP16,0,R,59,0,bflip
945,FP16,0,R,59,1,bflip
946,FP16,0,R,59,2,bflip
947,FP16,0,R,59,3,bflip
948,FP16,0,R,59,4,bflip
949,FP16,0,R,59,5,bflip
950,FP16,0,R,59,6,bflip
951,FP16,0,R,59,7,bflip
952,FP16,0,R,59,8,bflip
953,FP16,0,R,59,9,bflip
954,FP16,0,R,59,10,bflip
955,FP16,0,R,59,11,bflip
956,FP16,0,R,59,12,bflip
957,FP16,0,R,59,13,bflip
958,FP16,0,R,59,14,bflip
959,FP16,0,R,59,15,bflip
960,FP16,0,R,60,0,bflip
961,FP16,0,R,60,1,bflip
962,FP16,0,R,60,2,bflip
963,FP16,0,R,60,3,bflip
964,FP16,0,R,60,4,bflip
965,FP16,0,R,60,5,bflip
966,FP16,0,R,60,6,bflip
967,FP16,0,R,60,7,bflip
968,FP16,0,R,60,8,bflip
969,FP16,0,R,60,9,bflip
970,FP16,0,R,60,10,bflip
971,FP16,0,R,60,11,bflip
972,FP16,0,R,60,12,bflip
973,FP16,0,R,60,13,bflip
974,FP16,0,R,60,14,bflip
975,FP16,0,R,60,15,bflip
976,FP16,0,R,61,0,bflip
977,FP16,0,R,61,1,bflip
978,FP16,0,R,61,2,bflip
979,FP16,0,R,61,3,bflip
980,FP16,0,R,61,4,bflip
981,FP16,0,R,61,5,bflip
982,FP16,0,R,61,6,bflip
983,FP16,0,R,61,7,bflip
984,FP16,0,R,61,8,bflip
985,FP16,0,R,61,9,bflip
986,FP16,0,R,61,10,bflip
987,FP16,0,R,61,11,bflip
988,FP16,0,R,61,12,bflip
989,FP16,0,R,61,13,bflip
990,FP16,0,R,61,14,bflip
991,FP16,0,R,61,15,bflip
992,FP16,0,R,62,0,bflip
993,FP16,0,R,62,1,bflip
994,FP16,0,R,62,2,bflip
995,FP16,0,R,62,3,bflip
996,FP16,0,R,62,4,bflip
997,FP16,0,R,62,5,bflip
998,FP16,0,R,62,6,bflip
999,FP16,0,R,62,7,bflip
1000,FP16,0,R,62,8,bflip
1001,FP16,0,R,62,9,bflip
1002,FP16,0,R,62,10,bflip
1003,FP16,0,R,62,11,bflip
1004,FP16,0,R,62,12,bflip
1005,FP16,0,R,62,13,bflip
1006,FP16,0,R,62,14,bflip
1007,FP16,0,R,62,15,bflip
1008,FP16,0,R,63,0,bflip
1009,FP16,0,R,63,1,bflip
1010,FP16,0,R,63,2,bflip
1011,FP16,0,R,63,3,bflip
1012,FP16,0,R,63,4,bflip
1013,FP16,0,R,63,5,bflip
1014,FP16,0,R,63,6,bflip
1015,FP16,0,R,63,7,bflip
1016,FP16,0,R,63,8,bflip
1017,FP16,0,R,63,9,bflip
1018,FP16,0,R,63,10,bflip
1019,FP16,0,R,63,11,bflip
1020,FP16,0,R,63,12,bflip
1021,FP16,0,R,63,13,bflip
1022,FP16,0,R,63,14,bflip
1023,FP16,0,R,63,15,bflip
1024,FP16,0,R,64,0,bflip
1025,FP16,0,R,64,1,bflip
1026,FP16,0,R,64,2,bflip
1027,FP16,0,R,64,3,bflip
1028,FP16,0,R,64,4,bflip
1029,FP16,0,R,64,5,bflip
1030,FP16,0,R,64,6,bflip
1031,FP16,0,R,64,7,bflip
1032,FP16,0,R,64,8,bflip
1033,FP16,0,R,64,9,bflip
1034,FP16,0,R,64,10,bflip
1035,FP16,0,R,64,11,bflip
1036,FP16,0,R,64,12,bflip
1037,FP16,0,R,64,13,bflip
1038,FP16,0,R,64,14,bflip
1039,FP16,0,R,64,15,bflip
1040,FP16,0,R,65,0,bflip
1041,FP16,0,R,65,1,bflip
1042,FP16,0,R,65,2,bflip
1043,FP16,0,R,65,3,bflip
1044,FP16,0,R,65,4,bflip
1045,FP16,0,R,65,5,bflip
1046,FP16,0,R,65,6,bflip
1047,FP16,0,R,65,7,bflip
1048,FP16,0,R,65,8,bflip
1049,FP16,0,R,65,9,bflip
1050,FP16,0,R,65,10,bflip
1051,FP16,0,R,65,11,bflip
1052,FP16,0,R,65,12,bflip
1053,FP16,0,R,65,13,bflip
1054,FP16,0,R,65,14,bflip
1055,FP16,0,R,65,15,bflip
1056,FP16,0,R,66,0,bflip
1057,FP16,0,R,66,1,bflip
1058,FP16,0,R,66,2,bflip
1059,FP16,0,R,66,3,bflip
1060,FP16,0,R,66,4,bflip
1061,FP16,0,R,66,5,bflip
1062,FP16,0,R,66,6,bflip
1063,FP16,0,R,66,7,bflip
1064,FP16,0,R,66,8,bflip
1065,FP16,0,R,66,9,bflip
1066,FP16,0,R,66,10,bflip
1067,FP16,0,R,66,11,bflip
1068,FP16,0,R,66,12,bflip
1069,FP16,0,R,66,13,bflip
1070,FP16,0,R,66,14,bflip
1071,FP16,0,R,66,15,bflip
1072,FP16,0,R,67,0,bflip
1073,FP16,0,R,67,1,bflip
1074,FP16,0,R,67,2,bflip
1075,FP16,0,R,67,3,bflip
1076,FP16,0,R,67,4,bflip
1077,FP16,0,R,67,5,bflip
1078,FP16,0,R,67,6,bflip
1079,FP16,0,R,67,7,bflip
1080,FP16,0,R,67,8,bflip
1081,FP16,0,R,67,9,bflip
1082,FP16,0,R,67,10,bflip
1083,FP16,0,R,67,11,bflip
1084,FP16,0,R,67,12,bflip
1085,FP16,0,R,67,13,bflip
1086,FP16,0,R,67,14,bflip
1087,FP16,0,R,67,15,bflip
1088,FP16,0,R,68,0,bflip
1089,FP16,0,R,68,1,bflip
1090,FP16,0,R,68,2,bflip
1091,FP16,0,R,68,3,bflip
1092,FP16,0,R,68,4,bflip
1093,FP16,0,R,68,5,bflip
1094,FP16,0,R,68,6,bflip
1095,FP16,0,R,68,7,bflip
1096,FP16,0,R,68,8,bflip
1097,FP16,0,R,68,9,bflip
1098,FP16,0,R,68,10,bflip
1099,FP16,0,R,68,11,bflip
1100,FP16,0,R,68,12,bflip
1101,FP16,0,R,68,13,bflip
1102,FP16,0,R,68,14,bflip
1103,FP16,0,R,68,15,bflip
1104,FP16,0,R,69,0,bflip
1105,FP16,0,R,69,1,bflip
1106,FP16,0,R,69,2,bflip
1107,FP16,0,R,69,3,bflip
1108,FP16,0,R,69,4,bflip
1109,FP16,0,R,69,5,bflip
1110,FP16,0,R,69,6,bflip
1111,FP16,0,R,69,7,bflip
1112,FP16,0,R,69,8,bflip
1113,FP16,0,R,69,9,bflip
1114,FP16,0,R,69,10,bflip
1115,FP16,0,R,69,11,bflip
1116,FP16,0,R,69,12,bflip
1117,FP16,0,R,69,13,bflip
1118,FP16,0,R,69,14,bflip
1119,FP16,0,R,69,15,bflip
1120,FP16,0,R,70,0,bflip
1121,FP16,0,R,70,1,bflip
1122,FP16,0,R,70,2,bflip
1123,FP16,0,R,70,3,bflip
1124,FP16,0,R,70,4,bflip
1125,FP16,0,R,70,5,bflip
1126,FP16,0,R,70,6,bflip
1127,FP16,0,R,70,7,bflip
1128,FP16,0,R,70,8,bflip
1129,FP16,0,R,70,9,bflip
1130,FP16,0,R,70,10,bflip
1131,FP16,0,R,70,11,bflip
1132,FP16,0,R,70,12,bflip
1133,FP16,0,R,70,13,bflip
1134,FP16,0,R,70,14,bflip
1135,FP16,0,R,70,15,bflip
1136,FP16,0,R,71,0,bflip
1137,FP16,0,R,71,1,bflip
1138,FP16,0,R,71,2,bflip
1139,FP16,0,R,71,3,bflip
1140,FP16,0,R,71,4,bflip
1141,FP16,0,R,71,5,bflip
1142,FP16,0,R,71,6,bflip
1143,FP16,0,R,71,7,bflip
1144,FP16,0,R,71,8,bflip
1145,FP16,0,R,71,9,bflip
1146,FP16,0,R,71,10,bflip
1147,FP16,0,R,71,11,bflip
1148,FP16,0,R,71,12,bflip
1149,FP16,0,R,71,13,bflip
1150,FP16,0,R,71,14,bflip
1151,FP16,0,R,71,15,bflip
1152,FP16,0,R,72,0,bflip
1153,FP16,0,R,72,1,bflip
1154,FP16,0,R,72,2,bflip
1155,FP16,0,R,72,3,bflip
1156,FP16,0,R,72,4,bflip
1157,FP16,0,R,72,5,bflip
1158,FP16,0,R,72,6,bflip
1159,FP16,0,R,72,7,bflip
1160,FP16,0,R,72,8,bflip
1161,FP16,0,R,72,9,bflip
1162,FP16,0,R,72,10,bflip
1163,FP16,0,R,72,11,bflip
1164,FP16,0,R,72,12,bflip
1165,FP16,0,R,72,13,bflip
1166,FP16,0,R,72,14,bflip
1167,FP16,0,R,72,15,bflip
1168,FP16,0,R,73,0,bflip
1169,FP16,0,R,73,1,bflip
1170,FP16,0,R,73,2,bflip
1171,FP16,0,R,73,3,bflip
1172,FP16,0,R,73,4,bflip
1173,FP16,0,R,73,5,bflip
1174,FP16,0,R,73,6,bflip
1175,FP16,0,R,73,7,bflip
1176,FP16,0,R,73,8,bflip
1177,FP16,0,R,73,9,bflip
1178,FP16,0,R,73,10,bflip
1179,FP16,0,R,73,11,bflip
1180,FP16,0,R,73,12,bflip
1181,FP16,0,R,73,13,bflip
1182,FP16,0,R,73,14,bflip
1183,FP16,0,R,73,15,bflip
1184,FP16,0,R,74,0,bflip
1185,FP16,0,R,74,1,bflip
1186,FP16,0,R,74,2,bflip
1187,FP16,0,R,74,3,bflip
1188,FP16,0,R,74,4,bflip
1189,FP16,0,R,74,5,bflip
1190,FP16,0,R,74,6,bflip
1191,FP16,0,R,74,7,bflip
1192,FP16,0,R,74,8,bflip
1193,FP16,0,R,74,9,bflip
1194,FP16,0,R,74,10,bflip
1195,FP16,0,R,74,11,bflip
1196,FP16,0,R,74,12,bflip
1197,FP16,0,R,74,13,bflip
1198,FP16,0,R,74,14,bflip
1199,FP16,0,R,74,15,bflip
1200,FP16,0,R,75,0,bflip
1201,FP16,0,R,75,1,bflip
1202,FP16,0,R,75,2,bflip
1203,FP16,0,R,75,3,bflip
1204,FP16,0,R,75,4,bflip
1205,FP16,0,R,75,5,bflip
1206,FP16,0,R,75,6,bflip
1207,FP16,0,R,75,7,bflip
1208,FP16,0,R,75,8,bflip
1209,FP16,0,R,75,9,bflip
1210,FP16,0,R,75,10,bflip
1211,FP16,0,R,75,11,bflip
1212,FP16,0,R,75,12,bflip
1213,FP16,0,R,75,13,bflip
1214,FP16,0,R,75,14,bflip
1215,FP16,0,R,75,15,bflip
1216,FP16,0,R,76,0,bflip
1217,FP16,0,R,76,1,bflip
1218,FP16,0,R,76,2,bflip
1219,FP16,0,R,76,3,bflip
1220,FP16,0,R,76,4,bflip
1221,FP16,0,R,76,5,bflip
1222,FP16,0,R,76,6,bflip
1223,FP16,0,R,76,7,bflip
1224,FP16,0,R,76,8,bflip
1225,FP16,0,R,76,9,bflip
1226,FP16,0,R,76,10,bflip
1227,FP16,0,R,76,11,bflip
1228,FP16,0,R,76,12,bflip
1229,FP16,0,R,76,13,bflip
1230,FP16,0,R,76,14,bflip
1231,FP16,0,R,76,15,bflip
1232,FP16,0,R,77,0,bflip
1233,FP16,0,R,77,1,bflip
1234,FP16,0,R,77,2,bflip
1235,FP16,0,R,77,3,bflip
1236,FP16,0,R,77,4,bflip
1237,FP16,0,R,77,5,bflip
1238,FP16,0,R,77,6,bflip
1239,FP16,0,R,77,7,bflip
1240,FP16,0,R,77,8,bflip
1241,FP16,0,R,77,9,bflip
1242,FP16,0,R,77,10,bflip
1243,FP16,0,R,77,11,bflip
1244,FP16,0,R,77,12,bflip
1245,FP16,0,R,77,13,bflip
1246,FP16,0,R,77,14,bflip
1247,FP16,0,R,77,15,bflip
1248,FP16,0,R,78,0,bflip
1249,FP16,0,R,78,1,bflip
1250,FP16,0,R,78,2,bflip
1251,FP16,0,R,78,3,bflip
1252,FP16,0,R,78,4,bflip
1253,FP16,0,R,78,5,bflip
1254,FP16,0,R,78,6,bflip
1255,FP16,0,R,78,7,bflip
1256,FP16,0,R,78,8,bflip
1257,FP16,0,R,78,9,bflip
1258,FP16,0,R,78,10,bflip
1259,FP16,0,R,78,11,bflip
1260,FP16,0,R,78,12,bflip
1261,FP16,0,R,78,13,bflip
1262,FP16,0,R,78,14,bflip
1263,FP16,0,R,78,15,bflip
1264,FP16,0,R,79,0,bflip
1265,FP16,0,R,79,1,bflip
1266,FP16,0,R,79,2,bflip
1267,FP16,0,R,79,3,bflip
1268,FP16,0,R,79,4,bflip
1269,FP16,0,R,79,5,bflip
1270,FP16,0,R,79,6,bflip
1271,FP16,0,R,79,7,bflip
1272,FP16,0,R,79,8,bflip
1273,FP16,0,R,79,9,bflip
1274,FP16,0,R,79,10,bflip
1275,FP16,0,R,79,11,bflip
1276,FP16,0,R,79,12,bflip
1277,FP16,0,R,79,13,bflip
1278,FP16,0,R,79,14,bflip
1279,FP16,0,R,79,15,bflip
1280,FP16,0,R,80,0,bflip
1281,FP16,0,R,80,1,bflip
1282,FP16,0,R,80,2,bflip
1283,FP16,0,R,80,3,bflip
1284,FP16,0,R,80,4,bflip
1285,FP16,0,R,80,5,bflip
1286,FP16,0,R,80,6,bflip
1287,FP16,0,R,80,7,bflip
1288,FP16,0,R,80,8,bflip
1289,FP16,0,R,80,9,bflip
1290,FP16,0,R,80,10,bflip
1291,FP16,0,R,80,11,bflip
1292,FP16,0,R,80,12,bflip
1293,FP16,0,R,80,13,bflip
1294,FP16,0,R,80,14,bflip
1295,FP16,0,R,80,15,bflip
1296,FP16,0,R,81,0,bflip
1297,FP16,0,R,81,1,bflip
1298,FP16,0,R,81,2,bflip
1299,FP16,0,R,81,3,bflip
1300,FP16,0,R,81,4,bflip
1301,FP16,0,R,81,5,bflip
1302,FP16,0,R,81,6,bflip
1303,FP16,0,R,81,7,bflip
1304,FP16,0,R,81,8,bflip
1305,FP16,0,R,81,9,bflip
1306,FP16,0,R,81,10,bflip
1307,FP16,0,R,81,11,bflip
1308,FP16,0,R,81,12,bflip
1309,FP16,0,R,81,13,bflip
1310,FP16,0,R,81,14,bflip
1311,FP16,0,R,81,15,bflip
1312,FP16,0,R,82,0,bflip
1313,FP16,0,R,82,1,bflip
1314,FP16,0,R,82,2,bflip
1315,FP16,0,R,82,3,bflip
1316,FP16,0,R,82,4,bflip
1317,FP16,0,R,82,5,bflip
1318,FP16,0,R,82,6,bflip
1319,FP16,0,R,82,7,bflip
1320,FP16,0,R,82,8,bflip
1321,FP16,0,R,82,9,bflip
1322,FP16,0,R,82,10,bflip
1323,FP16,0,R,82,11,bflip
1324,FP16,0,R,82,12,bflip
1325,FP16,0,R,82,13,bflip
1326,FP16,0,R,82,14,bflip
1327,FP16,0,R,82,15,bflip
1328,FP16,0,R,83,0,bflip
1329,FP16,0,R,83,1,bflip
1330,FP16,0,R,83,2,bflip
1331,FP16,0,R,83,3,bflip
1332,FP16,0,R,83,4,bflip
1333,FP16,0,R,83,5,bflip
1334,FP16,0,R,83,6,bflip
1335,FP16,0,R,83,7,bflip
1336,FP16,0,R,83,8,bflip
1337,FP16,0,R,83,9,bflip
1338,FP16,0,R,83,10,bflip
1339,FP16,0,R,83,11,bflip
1340,FP16,0,R,83,12,bflip
1341,FP16,0,R,83,13,bflip
1342,FP16,0,R,83,14,bflip
1343,FP16,0,R,83,15,bflip
1344,FP16,0,R,84,0,bflip
1345,FP16,0,R,84,1,bflip
1346,FP16,0,R,84,2,bflip
1347,FP16,0,R,84,3,bflip
1348,FP16,0,R,84,4,bflip
1349,FP16,0,R,84,5,bflip
1350,FP16,0,R,84,6,bflip
1351,FP16,0,R,84,7,bflip
1352,FP16,0,R,84,8,bflip
1353,FP16,0,R,84,9,bflip
1354,FP16,0,R,84,10,bflip
1355,FP16,0,R,84,11,bflip
1356,FP16,0,R,84,12,bflip
1357,FP16,0,R,84,13,bflip
1358,FP16,0,R,84,14,bflip
1359,FP16,0,R,84,15,bflip
1360,FP16,0,R,85,0,bflip
1361,FP16,0,R,85,1,bflip
1362,FP16,0,R,85,2,bflip
1363,FP16,0,R,85,3,bflip
1364,FP16,0,R,85,4,bflip
1365,FP16,0,R,85,5,bflip
1366,FP16,0,R,85,6,bflip
1367,FP16,0,R,85,7,bflip
1368,FP16,0,R,85,8,bflip
1369,FP16,0,R,85,9,bflip
1370,FP16,0,R,85,10,bflip
1371,FP16,0,R,85,11,bflip
1372,FP16,0,R,85,12,bflip
1373,FP16,0,R,85,13,bflip
1374,FP16,0,R,85,14,bflip
1375,FP16,0,R,85,15,bflip
1376,FP16,0,R,86,0,bflip
1377,FP16,0,R,86,1,bflip
1378,FP16,0,R,86,2,bflip
1379,FP16,0,R,86,3,bflip
1380,FP16,0,R,86,4,bflip
1381,FP16,0,R,86,5,bflip
1382,FP16,0,R,86,6,bflip
1383,FP16,0,R,86,7,bflip
1384,FP16,0,R,86,8,bflip
1385,FP16,0,R,86,9,bflip
1386,FP16,0,R,86,10,bflip
1387,FP16,0,R,86,11,bflip
1388,FP16,0,R,86,12,bflip
1389,FP16,0,R,86,13,bflip
1390,FP16,0,R,86,14,bflip
1391,FP16,0,R,86,15,bflip
1392,FP16,0,R,87,0,bflip
1393,FP16,0,R,87,1,bflip
1394,FP16,0,R,87,2,bflip
1395,FP16,0,R,87,3,bflip
1396,FP16,0,R,87,4,bflip
1397,FP16,0,R,87,5,bflip
1398,FP16,0,R,87,6,bflip
1399,FP16,0,R,87,7,bflip
1400,FP16,0,R,87,8,bflip
1401,FP16,0,R,87,9,bflip
1402,FP16,0,R,87,10,bflip
1403,FP16,0,R,87,11,bflip
1404,FP16,0,R,87,12,bflip
1405,FP16,0,R,87,13,bflip
1406,FP16,0,R,87,14,bflip
1407,FP16,0,R,87,15,bflip
1408,FP16,0,R,88,0,bflip
1409,FP16,0,R,88,1,bflip
1410,FP16,0,R,88,2,bflip
1411,FP16,0,R,88,3,bflip
1412,FP16,0,R,88,4,bflip
1413,FP16,0,R,88,5,bflip
1414,FP16,0,R,88,6,bflip
1415,FP16,0,R,88,7,bflip
1416,FP16,0,R,88,8,bflip
1417,FP16,0,R,88,9,bflip
1418,FP16,0,R,88,10,bflip
1419,FP16,0,R,88,11,bflip
1420,FP16,0,R,88,12,bflip
1421,FP16,0,R,88,13,bflip
1422,FP16,0,R,88,14,bflip
1423,FP16,0,R,88,15,bflip
1424,FP16,0,R,89,0,bflip
1425,FP16,0,R,89,1,bflip
1426,FP16,0,R,89,2,bflip
1427,FP16,0,R,89,3,bflip
1428,FP16,0,R,89,4,bflip
1429,FP16,0,R,89,5,bflip
1430,FP16,0,R,89,6,bflip
1431,FP16,0,R,89,7,bflip
1432,FP16,0,R,89,8,bflip
1433,FP16,0,R,89,9,bflip
1434,FP16,0,R,89,10,bflip
1435,FP16,0,R,89,11,bflip
1436,FP16,0,R,89,12,bflip
1437,FP16,0,R,89,13,bflip
1438,FP16,0,R,89,14,bflip
1439,FP16,0,R,89,15,bflip
1440,FP16,0,R,90,0,bflip
1441,FP16,0,R,90,1,bflip
1442,FP16,0,R,90,2,bflip
1443,FP16,0,R,90,3,bflip
1444,FP16,0,R,90,4,bflip
1445,FP16,0,R,90,5,bflip
1446,FP16,0,R,90,6,bflip
1447,FP16,0,R,90,7,bflip
1448,FP16,0,R,90,8,bflip
1449,FP16,0,R,90,9,bflip
1450,FP16,0,R,90,10,bflip
1451,FP16,0,R,90,11,bflip
1452,FP16,0,R,90,12,bflip
1453,FP16,0,R,90,13,bflip
1454,FP16,0,R,90,14,bflip
1455,FP16,0,R,90,15,bflip
1456,FP16,0,R,91,0,bflip
1457,FP16,0,R,91,1,bflip
1458,FP16,0,R,91,2,bflip
1459,FP16,0,R,91,3,bflip
1460,FP16,0,R,91,4,bflip
1461,FP16,0,R,91,5,bflip
1462,FP16,0,R,91,6,bflip
1463,FP16,0,R,91,7,bflip
1464,FP16,0,R,91,8,bflip
1465,FP16,0,R,91,9,bflip
1466,FP16,0,R,91,10,bflip
1467,FP16,0,R,91,11,bflip
1468,FP16,0,R,91,12,bflip
1469,FP16,0,R,91,13,bflip
1470,FP16,0,R,91,14,bflip
1471,FP16,0,R,91,15,bflip
1472,FP16,0,R,92,0,bflip
1473,FP16,0,R,92,1,bflip
1474,FP16,0,R,92,2,bflip
1475,FP16,0,R,92,3,bflip
1476,FP16,0,R,92,4,bflip
1477,FP16,0,R,92,5,bflip
1478,FP16,0,R,92,6,bflip
1479,FP16,0,R,92,7,bflip
1480,FP16,0,R,92,8,bflip
1481,FP16,0,R,92,9,bflip
1482,FP16,0,R,92,10,bflip
1483,FP16,0,R,92,11,bflip
1484,FP16,0,R,92,12,bflip
1485,FP16,0,R,92,13,bflip
1486,FP16,0,R,92,14,bflip
1487,FP16,0,R,92,15,bflip
1488,FP16,0,R,93,0,bflip
1489,FP16,0,R,93,1,bflip
1490,FP16,0,R,93,2,bflip
1491,FP16,0,R,93,3,bflip
1492,FP16,0,R,93,4,bflip
1493,FP16,0,R,93,5,bflip
1494,FP16,0,R,93,6,bflip
1495,FP16,0,R,93,7,bflip
1496,FP16,0,R,93,8,bflip
1497,FP16,0,R,93,9,bflip
1498,FP16,0,R,93,10,bflip
1499,FP16,0,R,93,11,bflip
1500,FP16,0,R,93,12,bflip
1501,FP16,0,R,93,13,bflip
1502,FP16,0,R,93,14,bflip
1503,FP16,0,R,93,15,bflip
1504,FP16,0,R,94,0,bflip
1505,FP16,0,R,94,1,bflip
1506,FP16,0,R,94,2,bflip
1507,FP16,0,R,94,3,bflip
1508,FP16,0,R,94,4,bflip
1509,FP16,0,R,94,5,bflip
1510,FP16,0,R,94,6,bflip
1511,FP16,0,R,94,7,bflip
1512,FP16,0,R,94,8,bflip
1513,FP16,0,R,94,9,bflip
1514,FP16,0,R,94,10,bflip
1515,FP16,0,R,94,11,bflip
1516,FP16,0,R,94,12,bflip
1517,FP16,0,R,94,13,bflip
1518,FP16,0,R,94,14,bflip
1519,FP16,0,R,94,15,bflip
1520,FP16,0,R,95,0,bflip
1521,FP16,0,R,95,1,bflip
1522,FP16,0,R,95,2,bflip
1523,FP16,0,R,95,3,bflip
1524,FP16,0,R,95,4,bflip
1525,FP16,0,R,95,5,bflip
1526,FP16,0,R,95,6,bflip
1527,FP16,0,R,95,7,bflip
1528,FP16,0,R,95,8,bflip
1529,FP16,0,R,95,9,bflip
1530,FP16,0,R,95,10,bflip
1531,FP16,0,R,95,11,bflip
1532,FP16,0,R,95,12,bflip
1533,FP16,0,R,95,13,bflip
1534,FP16,0,R,95,14,bflip
1535,FP16,0,R,95,15,bflip
1536,FP16,0,R,96,0,bflip
1537,FP16,0,R,96,1,bflip
1538,FP16,0,R,96,2,bflip
1539,FP16,0,R,96,3,bflip
1540,FP16,0,R,96,4,bflip
1541,FP16,0,R,96,5,bflip
1542,FP16,0,R,96,6,bflip
1543,FP16,0,R,96,7,bflip
1544,FP16,0,R,96,8,bflip
1545,FP16,0,R,96,9,bflip
1546,FP16,0,R,96,10,bflip
1547,FP16,0,R,96,11,bflip
1548,FP16,0,R,96,12,bflip
1549,FP16,0,R,96,13,bflip
1550,FP16,0,R,96,14,bflip
1551,FP16,0,R,96,15,bflip
1552,FP16,0,R,97,0,bflip
1553,FP16,0,R,97,1,bflip
1554,FP16,0,R,97,2,bflip
1555,FP16,0,R,97,3,bflip
1556,FP16,0,R,97,4,bflip
1557,FP16,0,R,97,5,bflip
1558,FP16,0,R,97,6,bflip
1559,FP16,0,R,97,7,bflip
1560,FP16,0,R,97,8,bflip
1561,FP16,0,R,97,9,bflip
1562,FP16,0,R,97,10,bflip
1563,FP16,0,R,97,11,bflip
1564,FP16,0,R,97,12,bflip
1565,FP16,0,R,97,13,bflip
1566,FP16,0,R,97,14,bflip
1567,FP16,0,R,97,15,bflip
1568,FP16,0,R,98,0,bflip
1569,FP16,0,R,98,1,bflip
1570,FP16,0,R,98,2,bflip
1571,FP16,0,R,98,3,bflip
1572,FP16,0,R,98,4,bflip
1573,FP16,0,R,98,5,bflip
1574,FP16,0,R,98,6,bflip
1575,FP16,0,R,98,7,bflip
1576,FP16,0,R,98,8,bflip
1577,FP16,0,R,98,9,bflip
1578,FP16,0,R,98,10,bflip
1579,FP16,0,R,98,11,bflip
1580,FP16,0,R,98,12,bflip
1581,FP16,0,R,98,13,bflip
1582,FP16,0,R,98,14,bflip
1583,FP16,0,R,98,15,bflip
1584,FP16,0,R,99,0,bflip
1585,FP16,0,R,99,1,bflip
1586,FP16,0,R,99,2,bflip
1587,FP16,0,R,99,3,bflip
1588,FP16,0,R,99,4,bflip
1589,FP16,0,R,99,5,bflip
1590,FP16,0,R,99,6,bflip
1591,FP16,0,R,99,7,bflip
1592,FP16,0,R,99,8,bflip
1593,FP16,0,R,99,9,bflip
1594,FP16,0,R,99,10,bflip
1595,FP16,0,R,99,11,bflip
1596,FP16,0,R,99,12,bflip
1597,FP16,0,R,99,13,bflip
1598,FP16,0,R,99,14,bflip
1599,FP16,0,R,99,15,bflip
