vector_id,label,original,lns16_hex,decoded_lns16,quantization_error,underflow_to_zero
0,A0,0.2788535969,5C51,0.278974106121,0.000120509220897,False
0,A1,-0.9499784896,7FDA,-0.949856349088,0.000122140511722,False
0,A2,-0.4499413633,7DB2,-0.449893756235,4.76070648662e-05,False
0,A3,-0.5535785237,7E4B,-0.553434457194,0.000144066506299,False
0,B0,0.4729424283,5DD7,0.473003208541,6.07802410998e-05,False
0,B1,0.3533989748,5D00,0.353553390593,0.000154415793274,False
0,B2,0.7843591354,5F4D,0.784796561134,0.000437425733545,False
0,B3,-0.8261223347,7F73,-0.826226578247,-0.000104243547157,False
0,C0,-0.1561563606,7AA4,-0.156075122149,8.12384513494e-05,False
1,A0,-0.9404055611,7FD3,-0.940897437042,-0.000491875941773,False
1,A1,-0.5627240504,7E57,-0.562498781016,0.000225269383808,False
1,A2,0.0107105762,52E9,0.0107098206077,-7.55592270793e-07,False
1,A3,-0.9469280606,7FD8,-0.947287990793,-0.000359930193483,False
1,B0,-0.6023246986,7E8A,-0.602708054503,-0.000383355902562,False
1,B1,0.2997688756,5C86,0.299726541769,-4.23338314048e-05,False
1,B2,0.0898829612,590C,0.0898359998406,-4.69613594386e-05,False
1,B3,-0.5591187559,7E53,-0.559460963309,-0.000342207408951,False
1,C0,0.1785313678,5B07,0.178459904117,-7.14636830547e-05,False
2,A0,0.6188609134,5E9E,0.6192499491,0.000389035699908,False
2,A1,-0.9870024806,7FF6,-0.986553196128,0.000449284472383,False
2,A2,0.6116385037,5E95,0.611750646049,0.00011214234936,False
2,A3,0.3962787900,5D54,0.396134566313,-0.000144223686877,False
2,B0,-0.3194989670,7CB5,-0.319417580526,8.13864738106e-05,False
2,B1,-0.6890410004,7EED,-0.689150327972,-0.000109327572162,False
2,B2,0.9144261444,5FBE,0.914524515702,9.83713024486e-05,False
2,B3,-0.3268109098,7CC6,-0.326854111484,-4.32016836693e-05,False
2,C0,-0.8145083132,7F68,-0.814013710929,0.000494602271326,False
3,A0,-0.8065672463,7F61,-0.806336047619,0.000231198681003,False
3,A1,0.6949887327,5EF3,0.694770967835,-0.000217764864623,False
3,A2,0.2074520627,5B76,0.20739726152,-5.4801179798e-05,False
3,A3,0.6142565465,5E98,0.614240268053,-1.62784465649e-05,False
3,B0,0.4594635734,5DC2,0.459745146694,0.000281573293973,False
3,B1,0.0724561829,586D,0.0724380050453,-1.81778546609e-05,False
3,B2,0.9462315280,5FD7,0.946006417082,-0.0002251109178,False
3,B3,-0.2429312456,7BEB,-0.242992615268,-6.13696678654e-05,False
3,C0,0.1040812625,5979,0.104120649755,3.93872552587e-05,False
4,A0,0.6588093285,5ECC,0.659039800633,0.000230472133032,False
4,A1,0.2370395047,5BD9,0.23714282517,0.000103320469542,False
4,A2,0.7234138006,5F11,0.723569311082,0.000155510481976,False
4,A3,0.1547042905,5A9D,0.154603043457,-0.000101247043374,False
4,B0,0.4091436724,5D6C,0.409216862442,7.31900417411e-05,False
4,B1,-0.9083512327,7FB9,-0.908354989506,-3.7568059249e-06,False
4,B2,-0.5442034487,7E3F,-0.544516199406,-0.000312750705719,False
4,B3,-0.4212240728,7D81,-0.421017797177,0.000206275622669,False
4,C0,-0.8404160462,7F80,-0.840896415254,-0.000480369053715,False
5,A0,-0.5344182273,7E31,-0.534293038503,0.000125188797354,False
5,A1,-0.7979971412,7F59,-0.797650206353,0.000346934847177,False
5,A2,-0.4440527938,7DA8,-0.443844123132,0.00020867066837,False
5,A3,0.2713688885,5C3D,0.271521929071,0.000153040570986,False
5,B0,-0.2703356421,7C3A,-0.270421403748,-8.57616483038e-05,False
5,B1,-0.2596380658,7C1C,-0.25965852549,-2.04596903447e-05,False
5,B2,-0.5809859385,7E6F,-0.581075235209,-8.92967088398e-05,False
5,B3,-0.4660443559,7DCC,-0.466011512099,3.28438005527e-05,False
5,C0,0.8733091754,5F9C,0.8733836931,7.45176995846e-05,False
6,A0,0.2960707705,5C7D,0.29609676324,2.59927400982e-05,False
6,A1,0.2182620113,5B9C,0.218345923275,8.39119748961e-05,False
6,A2,-0.6577227036,7ECB,-0.658148194182,-0.000425490582418,False
6,A3,0.4582535959,5DC0,0.458502021602,0.000248425702336,False
6,B0,-0.6731950125,7EDC,-0.673470893116,-0.000275880616473,False
6,B1,-0.2410891165,7BE5,-0.241026825039,6.22914609587e-05,False
6,B2,0.9790467013,5FF0,0.978572062088,-0.0004746392123,False
6,B3,0.2799995197,5C54,0.280109438102,0.000109918402402,False
6,C0,0.1138994875,59BB,0.113852223716,-4.72637842876e-05,False
7,A0,0.3692285020,5D20,0.369206536485,-2.19655151252e-05,False
7,A1,0.6857038404,5EE9,0.685428518895,-0.000275321505331,False
7,A2,0.5519998231,5E49,0.551938001461,-6.18216389191e-05,False
7,A3,-0.5419038561,7E3B,-0.541575498006,0.000328358093573,False
7,B0,-0.9357995122,7FCF,-0.935816048439,-1.65362389756e-05,False
7,B1,-0.3690939039,7D20,-0.369206536485,-0.000112632584875,False
7,B2,-0.4645182480,7DCA,-0.464751443107,-0.000233195107205,False
7,B3,-0.5780343128,7E6B,-0.577937093939,9.72188606713e-05,False
7,C0,0.8858194287,5FA6,0.885287987032,-0.000531441668223,False
8,A0,0.7527352529,5F2E,0.752541865812,-0.000193387088297,False
8,A1,-0.3706442384,7D23,-0.370709084497,-6.48460972345e-05,False
8,A2,0.3108773306,5CA1,0.310885045389,7.71478866751e-06,False
8,A3,-0.2087361979,7B7B,-0.20880589895,-6.9701050302e-05,False
8,B0,0.8290951795,5F76,0.829589046081,0.000493866580808,False
8,B1,-0.0822962948,78CB,-0.0822685242728,2.77705271978e-05,False
8,B2,-0.4702396670,7DD3,-0.470448718521,-0.000209051520887,False
8,B3,-0.5067449846,7E0A,-0.506815042476,-7.00578757448e-05,False
8,C0,0.1227362683,59F3,0.122819315682,8.3047381984e-05,False
9,A0,-0.4745167830,7DD9,-0.474285650339,0.000231132660917,False
9,A1,0.1691719804,5AE0,0.169281943367,0.000109962967112,False
9,A2,0.7956457672,5F57,0.795493404931,-0.000152362268568,False
9,A3,-0.2011989897,7B60,-0.201311291494,-0.000112301793657,False
9,B0,-0.5613584817,7E56,-0.561737783667,-0.00037930196651,False
9,B1,0.9950752130,5FFC,0.994599423484,-0.000475789516367,False
9,B2,0.0190525874,5492,0.0190397223411,-1.28650589467e-05,False
9,B3,-0.8181811757,7F6C,-0.818433724883,-0.000252549183482,False
9,C0,-0.9057672492,7FB7,-0.90589884856,-0.000131599359818,False
10,A0,-0.7807017393,7F49,-0.780558207255,0.000143532044638,False
10,A1,0.2548920834,5C0E,0.254783499019,-0.000108584380566,False
10,A2,0.5841587287,5E73,0.584230416275,7.16875751225e-05,False
10,A3,-0.1556800664,7AA2,-0.155653103772,2.69626280928e-05,False
10,B0,-0.8729445877,7F9C,-0.8733836931,-0.000439105399584,False
10,B1,-0.2367614270,7BD8,-0.236821997698,-6.05706983707e-05,False
10,B2,0.9922427605,5FFA,0.991910082425,-0.00033267807489,False
10,B3,0.0582286902,57CC,0.0582514390124,2.27488124309e-05,False
10,C0,0.9421567552,5FD4,0.942172089516,1.53343161673e-05,False
11,A0,0.7215594045,5F0F,0.721612820247,5.34157465351e-05,False
11,A1,-0.9770379561,7FEF,-0.97724816456,-0.000210208459645,False
11,A2,0.4414436387,5DA4,0.441447108983,3.47028331821e-06,False
11,A3,0.3634207381,5D14,0.363256998962,-0.000163739137737,False
11,B0,0.0739406608,587C,0.0739240444365,-1.66163634787e-05,False
11,B1,-0.4663496201,7DCD,-0.466642827165,-0.00029320706484,False
11,B2,0.2819235972,5C59,0.282011934963,8.83377634651e-05,False
11,B3,-0.7768956528,7F46,-0.777394469889,-0.000498817088544,False
11,C0,-0.1304694987,7A20,-0.130534222803,-6.47241034267e-05,False
12,A0,-0.0925525873,7922,-0.0925518892389,6.98061095511e-07,False
12,A1,0.9076318550,5FB8,0.90712608775,-0.000505767249801,False
12,A2,0.7517058808,5F2D,0.751523761622,-0.000182119177559,False
12,A3,-0.4732218985,7DD7,-0.473003208541,0.0002186899589,False
12,B0,0.0011722261,0000,0,-0.0011722261,True
12,B1,-0.6426962389,7EB9,-0.642303972804,0.000392266095725,False
12,B2,0.8252556787,5F72,0.82510878696,-0.000146891739691,False
12,B3,0.7410371397,5F23,0.741418168994,0.000381029294469,False
12,C0,-0.4031104171,7D61,-0.403168023809,-5.76067094984e-05,False
13,A0,0.2778989897,5C4E,0.277843375836,-5.56138637956e-05,False
13,A1,0.2179404229,5B9B,0.21805052589,0.000110102989988,False
13,A2,-0.6943214629,7EF3,-0.694770967835,-0.000449504935377,False
13,A3,0.5250216002,5E24,0.5249720429,-4.95572996564e-05,False
13,B0,0.0787580602,58AB,0.0787806087419,2.25485418657e-05,False
13,B1,0.5572529573,5E50,0.557193371298,-5.95860020538e-05,False
13,B2,0.0607073444,57EB,0.060748153817,4.08094169663e-05,False
13,B3,-0.9988562077,7FFF,-0.998647112891,0.00020909480903,False
13,C0,-0.3516878860,7CFC,-0.351643998455,4.38875452461e-05,False
14,A0,-0.9610465152,7FE3,-0.961500408089,-0.000453892888954,False
14,A1,0.8581972325,5F8F,0.858147100114,-5.0132385641e-05,False
14,A2,0.7574437556,5F33,0.757653112856,0.000209357255804,False
14,A3,0.6633310587,5ED1,0.663515983801,0.00018492510099,False
14,B0,-0.3849717492,7D3F,-0.385031097066,-5.934786571e-05,False
14,B1,-0.8841496670,7FA5,-0.884090292326,5.93746736568e-05,False
14,B2,0.7560191984,5F31,0.755604461332,-0.000414737068027,False
14,B3,0.8938988906,5FAD,0.893717404415,-0.000181486184984,False
14,C0,-0.8286930959,7F75,-0.828466705755,0.000226390145427,False
15,A0,-0.0280190734,75AF,-0.0280043911911,1.46822088894e-05,False
15,A1,-0.8615749631,7F92,-0.861639473873,-6.4510773137e-05,False
15,A2,0.5212043305,5E1F,0.521430498944,0.000226168444435,False
15,A3,0.5316688586,5E2D,0.531407548066,-0.000261310533949,False
15,B0,-0.7432170710,7F25,-0.743428357578,-0.000211286577831,False
15,B1,-0.0494352438,7753,-0.0494498301206,-1.45863206147e-05,False
15,B2,0.0996071870,5958,0.0995713844589,-3.58025411083e-05,False
15,B3,-0.4698867421,7DD2,-0.469812254514,7.44875858599e-05,False
15,C0,0.7448660822,5F26,0.744435494762,-0.000430587437801,False
16,A0,-0.1537241196,7A99,-0.153768097891,-4.39782907752e-05,False
16,A1,-0.5764035891,7E69,-0.576374384451,2.92046488096e-05,False
16,A2,0.0785921776,58A9,0.0785675903943,-2.45872057248e-05,False
16,A3,0.4598621382,5DC2,0.459745146694,-0.000116991506027,False
16,B0,-0.5976978732,7E84,-0.59783219602,-0.000134322819914,False
16,B1,-0.3765674174,7D2F,-0.376780674623,-0.000213257223481,False
16,B2,0.9902987133,5FF9,0.990568140061,0.00026942676128,False
16,B3,0.2997561153,5C86,0.299726541769,-2.95735314049e-05,False
16,C0,-0.1237998322,79F9,-0.123821017508,-2.118530766e-05,False
17,A0,0.0351516821,5657,0.0351561738135,4.49171351198e-06,False
17,A1,-0.7579916083,7F33,-0.757653112856,0.000338495444196,False
17,A2,-0.5506053259,7E47,-0.550445592061,0.000159733839168,False
17,A3,-0.3238288757,7CBF,-0.323771269284,5.76064162394e-05,False
17,B0,0.1766174369,5AFF,0.176537536384,-7.99005156068e-05,False
17,B1,-0.5397705348,7E39,-0.540111108234,-0.000340573434334,False
17,B2,-0.5595652311,7E53,-0.559460963309,0.000104267791049,False
17,B3,-0.8580138280,7F8F,-0.858147100114,-0.000133272114359,False
17,C0,0.2622059145,5C23,0.262130907495,-7.50070045487e-05,False
18,A0,-0.5421164324,7E3C,-0.542309181107,-0.000192748706655,False
18,A1,0.8108400260,5F65,0.810714372621,-0.000125653378744,False
18,A2,0.7192708005,5F0D,0.719661619653,0.000390819152583,False
18,A3,-0.8582853002,7F8F,-0.858147100114,0.000138200085641,False
18,B0,-0.5239907313,7E23,-0.524261814991,-0.000271083690903,False
18,B1,0.3379555566,5CDF,0.338105848016,0.000150291416277,False
18,B2,-0.5715263853,7E63,-0.571711563189,-0.000185177888702,False
18,B3,-0.7353763025,7F1D,-0.735420157119,-4.38546187777e-05,False
18,C0,0.8710284812,5F9A,0.871022112578,-6.36862242176e-06,False
19,A0,0.1420861867,5A5F,0.142155997787,6.98110866025e-05,False
19,A1,-0.0546579474,779D,-0.0546604302101,-2.48281012934e-06,False
19,A2,0.5692388486,5E60,0.569394317378,0.000155468778346,False
19,A3,0.6149939955,5E99,0.615072391563,7.83960631009e-05,False
19,B0,-0.6191801713,7E9E,-0.6192499491,-6.97777999082e-05,False
19,B1,-0.8061383715,7F61,-0.806336047619,-0.000197676118997,False
19,B2,-0.1378976352,7A49,-0.137984500365,-8.68651652702e-05,False
19,B3,-0.1528427540,7A95,-0.152937661512,-9.49075123399e-05,False
19,C0,-0.0659506639,7828,-0.0659778236475,-2.71597475348e-05,False
20,A0,0.4581516989,5DBF,0.457881720128,-0.000269978772154,False
20,A1,0.3467290946,5CF2,0.346915510575,0.000186415974632,False
20,A2,0.9683304227,5FE8,0.968030896746,-0.000299525953853,False
20,A3,-0.8031642577,7F5E,-0.803067828208,9.64294916145e-05,False
20,B0,-0.1947574358,7B48,-0.19487555003,-0.00011811422973,False
20,B1,-0.3213947892,7CBA,-0.321587057387,-0.000192268186506,False
20,B2,0.7233450727,5F11,0.723569311082,0.000224238381976,False
20,B3,-0.5026873322,7E04,-0.502714950556,-2.76183564014e-05,False
20,C0,-0.6195821831,7E9E,-0.6192499491,0.000332234000092,False
21,A0,-0.1027729043,796F,-0.102720559799,5.23445010653e-05,False
21,A1,-0.1562367203,7AA5,-0.156286560221,-4.98399212886e-05,False
21,A2,-0.4429097107,7DA6,-0.442643993516,0.000265717184111,False
21,A3,-0.5003871042,7E01,-0.500677359946,-0.000290255746054,False
21,B0,0.8465311986,5F85,0.846607764365,7.65657654671e-05,False
21,B1,-0.1137385099,79BA,-0.11369819451,4.0315390087e-05,False
21,B2,0.7226982095,5F10,0.722590403489,-0.000107806011477,False
21,B3,0.1006506249,5960,0.100655645747,5.02084682839e-06,False
21,C0,-0.8988233410,7FB1,-0.898570201544,0.00025313945622,False
22,A0,0.9985649368,5FFF,0.998647112891,8.21760909702e-05,False
22,A1,0.6720551702,5EDA,0.671649865593,-0.000405304606582,False
22,A2,0.9379925146,5FD1,0.938353303143,0.000360788542687,False
22,A3,0.8527339660,5F8A,0.852357904829,-0.000376061170974,False
22,B0,0.6973914688,5EF6,0.697598454983,0.0002069861831,False
22,B1,-0.6673777788,7ED5,-0.66711880998,0.000258968820206,False
22,B2,-0.0287177491,75C2,-0.0287340716684,-1.63225683733e-05,False
22,B3,-0.5725054016,7E64,-0.572486072216,1.93293840979e-05,False
22,C0,-0.1979194149,7B53,-0.197799320482,0.000120094417541,False
23,A0,-0.8827292001,7FA4,-0.882894217967,-0.000165017866636,False
23,A1,-0.2420537620,7BE8,-0.242007724187,4.60378134632e-05,False
23,A2,0.9706176876,5FEA,0.970655494764,3.78071643202e-05,False
23,A3,-0.4695938837,7DD2,-0.469812254514,-0.00021837081414,False
23,B0,0.5681412039,5E5E,0.567854707079,-0.000286496821097,False
23,B1,-0.0899832653,790D,-0.0899577024566,2.55628434272e-05,False
23,B2,-0.1539850280,7A9A,-0.153976410592,8.61740824051e-06,False
23,B3,0.9146352817,5FBE,0.914524515702,-0.000110765997551,False
23,C0,0.9908453790,5FF9,0.990568140061,-0.00027723893872,False
24,A0,0.1115366468,59AC,0.111563538207,2.68914074334e-05,False
24,A1,0.4368165506,5D9C,0.43669184655,-0.000124704050208,False
24,A2,-0.6904063495,7EEE,-0.69008393363,0.000322415869881,False
24,A3,-0.4065843490,7D67,-0.406456221136,0.000128127863708,False
24,B0,0.9374187299,5FD0,0.937083817055,-0.00033491284485,False
24,B1,0.1583605816,5AAF,0.158416759314,5.61777138808e-05,False
24,B2,0.0843904027,58DE,0.0844121072433,2.17045432521e-05,False
24,B3,0.4959511208,5DFA,0.495955041213,3.92041255487e-06,False
24,C0,-0.8856694542,7FA6,-0.885287987032,0.000381467168223,False
25,A0,0.1683551889,5ADC,0.168367723279,1.25343791182e-05,False
25,A1,0.0057007658,5117,0.00569898959894,-1.77620105645e-06,False
25,A2,0.7054397841,5EFE,0.705194804109,-0.000244979991365,False
25,A3,-0.6851345441,7EE9,-0.685428518895,-0.000293974794669,False
25,B0,0.9215578065,5FC4,0.921983284479,0.000425477979313,False
25,B1,-0.8397770695,7F7F,-0.839758777333,1.82921665116e-05,False
25,B2,-0.6283500780,7EA9,-0.628540723154,-0.000190645154201,False
25,B3,0.1900702129,5B36,0.190184127364,0.000113914463602,False
25,C0,0.3504251072,5CF9,0.350218724532,-0.000206382667662,False
26,A0,-0.5295922100,7E2A,-0.529253661397,0.000338548602744,False
26,A1,-0.7602267721,7F36,-0.760736509454,-0.000509737354407,False
26,A2,0.7805746283,5F49,0.780558207255,-1.64210446383e-05,False
26,A3,-0.5075693044,7E0B,-0.507501634895,6.76695045938e-05,False
26,B0,0.1890383071,5B32,0.189157023432,0.000118716331576,False
26,B1,0.2387630207,5BDE,0.238753493784,-9.52691620126e-06,False
26,B2,-0.1615501693,7ABD,-0.161447904965,0.000102264334759,False
26,B3,0.1673445786,5AD7,0.167231888141,-0.000112690458797,False
26,C0,0.0455654311,5717,0.0455919167915,2.64856915484e-05,False
27,A0,0.8694125155,5F99,0.86984371799,0.000431202489792,False
27,A1,-0.5914816012,7E7C,-0.591392355492,8.92457078295e-05,False
27,A2,0.4323836016,5D95,0.432573030217,0.000189428616754,False
27,A3,-0.5226280948,7E21,-0.522844240447,-0.000216145646638,False
27,B0,-0.2084283064,7B7A,-0.208523408141,-9.51017413228e-05,False
27,B1,0.3433804459,5CEA,0.343178541272,-0.000201904628083,False
27,B2,-0.4000058404,7D5B,-0.399906427728,9.94126719517e-05,False
27,B3,-0.3676456075,7D1D,-0.367710078559,-6.44710593888e-05,False
27,C0,0.5037289848,5E05,0.5033959885,-0.00033299630002,False
28,A0,-0.8549137710,7F8C,-0.85466888155,0.000244889449769,False
28,A1,-0.0834289548,78D5,-0.0833898512475,3.91035525258e-05,False
28,A2,0.9969088817,5FFE,0.997296056085,0.00038717438547,False
28,A3,0.9921928957,5FFA,0.991910082425,-0.00028281327489,False
28,B0,-0.8534785578,7F8B,-0.853512611038,-3.40532378932e-05,False
28,B1,-0.5736913755,7E66,-0.57403823942,-0.000346863920089,False
28,B2,-0.4695991705,7DD2,-0.469812254514,-0.00021308401414,False
28,B3,0.8665187560,5F96,0.866318091011,-0.000200664988844,False
28,C0,0.7617283474,5F37,0.761767094336,3.87469364181e-05,False
29,A0,0.7585404850,5F34,0.758679520599,0.000139035599107,False
29,A1,-0.2609458225,7C20,-0.261068445607,-0.000122623106853,False
29,A2,-0.6845063353,7EE8,-0.684501211487,5.12381270479e-06,False
29,A3,0.6674899093,5ED5,0.66711880998,-0.000371099320206,False
29,B0,0.4070798502,5D68,0.407006855464,-7.2994735663e-05,False
29,B1,0.2233555315,5BAD,0.223429351104,7.3819603754e-05,False
29,B2,0.9744661273,5FED,0.974605740332,0.000139613032098,False
29,B3,0.3079526354,5C9A,0.307952821184,1.85783518958e-07,False
29,C0,-0.9843537857,7FF4,-0.983885611617,0.000468174083412,False
30,A0,0.6342082702,5EB0,0.634525478596,0.000317208395867,False
30,A1,-0.4012424956,7D5D,-0.400990684048,0.000251811552037,False
30,A2,0.3267774299,5CC6,0.326854111484,7.66815836693e-05,False
30,A3,0.8778600079,5FA0,0.878126080187,0.00026607228665,False
30,B0,-0.7314177712,7F19,-0.731448464289,-3.06930885792e-05,False
30,B1,-0.7691426592,7F3E,-0.769020386916,0.000122272284172,False
30,B2,-0.7859280446,7F4E,-0.785859740646,6.83039538293e-05,False
30,B3,0.1064472818,5989,0.106400595101,-4.66866990872e-05,False
30,C0,-0.4553035754,7DBB,-0.455408894863,-0.00010531946285,False
31,A0,0.2096596541,5B7E,0.209655669627,-3.9844727652e-06,False
31,A1,0.4352243743,5D9A,0.435511056289,0.000286681988789,False
31,A2,-0.5928053753,7E7E,-0.59299578283,-0.000190407530497,False
31,A3,0.2684759178,5C35,0.268597098433,0.000121180633487,False
31,B0,-0.4720321967,7DD5,-0.471724234394,0.000307962306188,False
31,B1,-0.0229362957,751C,-0.0229507880209,-1.44923208903e-05,False
31,B2,0.8106729822,5F65,0.810714372621,4.13904212564e-05,False
31,B3,0.6922074266,5EF0,0.691954940982,-0.000252485618084,False
31,C0,-0.8154030646,7F69,-0.815116471495,0.000286593104682,False
32,A0,-0.1528484549,7A95,-0.152937661512,-8.92066123399e-05,False
32,A1,-0.4466395521,7DAD,-0.446858702208,-0.000219150107508,False
32,A2,-0.9929086218,7FFB,-0.993253842745,-0.000345220944954,False
32,A3,0.5422384460,5E3C,0.542309181107,7.07351066546e-05,False
32,B0,0.2742267546,5C44,0.274107270454,-0.000119484145906,False
32,B1,-0.4760894751,7DDC,-0.476215835454,-0.000126360354419,False
32,B2,0.4824618167,5DE6,0.482706697747,0.000244881046907,False
32,B3,0.1033608423,5974,0.103418235479,5.73931785121e-05,False
32,C0,-0.1446261620,7A6C,-0.144680009204,-5.38472042189e-05,False
33,A0,-0.9806606008,7FF2,-0.981225240104,-0.000564639304464,False
33,A1,-0.8495122799,7F88,-0.850053176859,-0.000540896959262,False
33,A2,0.7662127866,5F3B,0.76590341433,-0.000309372270348,False
33,A3,0.8078571431,5F62,0.807428407102,-0.00042873599757,False
33,B0,0.0911805784,5917,0.0911838335831,3.25518309673e-06,False
33,B1,0.6691900398,5ED7,0.668927552565,-0.000262487235187,False
33,B2,0.1650191330,5ACD,0.16498315374,-3.59792598399e-05,False
33,B3,-0.7038124289,7EFD,-0.704240755149,-0.000428326248802,False
33,C0,-0.7451089614,7F27,-0.745443996335,-0.000335034935344,False
34,A0,-0.3834833001,7D3C,-0.38347049946,1.2800639761e-05,False
34,A1,0.7979629775,5F59,0.797650206353,-0.000312771147177,False
34,A2,0.5922446098,5E7D,0.59219352648,-5.10833198035e-05,False
34,A3,0.7214051640,5F0F,0.721612820247,0.000207656246535,False
34,B0,0.7978492731,5F59,0.797650206353,-0.000199066747177,False
34,B1,-0.5798469233,7E6D,-0.579504040363,0.000342882937287,False
34,B2,-0.5009405216,7E01,-0.500677359946,0.000263161653946,False
34,B3,-0.7944127567,7F56,-0.794417192159,-4.43545858198e-06,False
34,C0,0.5602324837,5E54,0.560218876205,-1.36074951966e-05,False
35,A0,0.7682694029,5F3D,0.767979989148,-0.000289413752211,False
35,A1,-0.1872452203,7B2A,-0.187119426471,0.000125793829096,False
35,A2,0.2413230203,5BE6,0.241353348873,3.03285734534e-05,False
35,A3,-0.6908933233,7EEF,-0.691018804062,-0.000125480762232,False
35,B0,0.8597620314,5F90,0.859309649061,-0.000452382338761,False
35,B1,0.7292113924,5F17,0.729470668665,0.000259276264774,False
35,B2,0.9524120659,5FDC,0.952431670909,1.9605008837e-05,False
35,B3,0.6215434399,5EA1,0.621770090777,0.000226650877335,False
35,C0,0.7628324093,5F38,0.762799075372,-3.33339277307e-05,False
36,A0,-0.9504272762,7FDA,-0.949856349088,0.000570927111722,False
36,A1,0.4731289435,5DD7,0.473003208541,-0.0001257349589,False
36,A2,-0.3356290641,7CDA,-0.335824932797,-0.000195868696709,False
36,A3,0.8616317721,5F92,0.861639473873,7.70177313703e-06,False
36,B0,0.6044702779,5E8C,0.604342161813,-0.000128116086709,False
36,B1,0.7281280568,5F16,0.728483777201,0.000355720400722,False
36,B2,0.6214986331,5EA1,0.621770090777,0.000271457677335,False
36,B3,-0.4663885808,7DCD,-0.466642827165,-0.00025424636484,False
36,C0,0.5747490183,5E67,0.574815900442,6.68821418627e-05,False
37,A0,-0.7838087472,7F4C,-0.783734819983,7.39272172235e-05,False
37,A1,0.7443335658,5F26,0.744435494762,0.000101928962199,False
37,A2,0.7171865027,5F0A,0.716744706684,-0.000441796016106,False
37,A3,-0.5551325649,7E4D,-0.554934970229,0.000197594670587,False
37,B0,0.6331732112,5EAE,0.632809757289,-0.000363453910597,False
37,B1,-0.0793935306,78B1,-0.0794231353605,-2.96047604712e-05,False
37,B2,-0.3896182653,7D48,-0.389751100059,-0.000132834759459,False
37,B3,0.5906909983,5E7B,0.590592268398,-9.87299019537e-05,False
37,C0,-0.5448090252,7E3F,-0.544516199406,0.000292825794281,False
38,A0,-0.9526711306,7FDC,-0.952431670909,0.000239459691163,False
38,A1,-0.6137404233,7E97,-0.613409270313,0.000331152987062,False
38,A2,-0.3434760976,7CEB,-0.343643452068,-0.000167354468323,False
38,A3,0.7287058841,5F16,0.728483777201,-0.000222106899278,False
38,B0,0.9337782081,5FCD,0.93328565433,-0.00049255377032,False
38,B1,-0.4417500146,7DA5,-0.442045146163,-0.000295131563172,False
38,B2,0.2829634772,5C5B,0.282776546887,-0.000186930313409,False
38,B3,-0.2006432313,7B5E,-0.200766957052,-0.000123725752096,False
38,C0,0.9622993744,5FE4,0.962802971818,0.000503597418062,False
39,A0,0.0724314650,586D,0.0724380050453,6.54004533912e-06,False
39,A1,0.8784742806,5FA0,0.878126080187,-0.00034820041335,False
39,A2,-0.7693164963,7F3E,-0.769020386916,0.000296109384172,False
39,A3,0.9408012220,5FD3,0.940897437042,9.6215041773e-05,False
39,B0,-0.6428643677,7EBA,-0.643174114773,-0.000309747073013,False
39,B1,0.9250686315,5FC6,0.924483034755,-0.000585596744775,False
39,B2,-0.4690672750,7DD1,-0.469176651571,-0.000109376571344,False
39,B3,-0.7831949056,7F4B,-0.782674515248,0.000520390352076,False
39,C0,-0.1308724829,7A22,-0.130888136985,-1.56540849112e-05,False
40,A0,0.4570901213,5DBE,0.457262257851,0.000172136551224,False
40,A1,-0.3726453716,7D27,-0.372721998168,-7.66265676722e-05,False
40,A2,0.2124177066,5B88,0.212513294215,9.55876148154e-05,False
40,A3,0.0228461193,5519,0.022857764509,1.16452090181e-05,False
40,B0,-0.2296091333,7BC1,-0.229561581706,4.75515942139e-05,False
40,B1,0.1531760870,5A96,0.153144849205,-3.12377953568e-05,False
40,B2,-0.4905549877,7DF2,-0.490612620052,-5.76323522318e-05,False
40,B3,0.4175705677,5D7B,0.417611797901,4.12302006041e-05,False
40,C0,-0.9966174436,7FFD,-0.995946827107,0.000670616492694,False
41,A0,0.8511503310,5F89,0.851204760807,5.44298073027e-05,False
41,A1,0.0769039942,5899,0.0768840489454,-1.99452546124e-05,False
41,A2,0.4388599983,5DA0,0.439063040093,0.000203041793325,False
41,A3,0.4839001557,5DE8,0.484015448373,0.000115292673074,False
41,B0,0.3412570089,5CE6,0.341325179301,6.8170401003e-05,False
41,B1,-0.2715570564,7C3D,-0.271521929071,3.51273290136e-05,False
41,B2,-0.8600523777,7F91,-0.860473772936,-0.000421395236303,False
41,B3,0.3284753698,5CCA,0.328628896987,0.000153527187339,False
41,C0,-0.3395999279,7CE2,-0.339481826553,0.000118101346775,False
42,A0,-0.3721687099,7D26,-0.372217747381,-4.90374810992e-05,False
42,A1,0.6960305590,5EF4,0.695712187886,-0.000318371114037,False
42,A2,0.4395085260,5DA1,0.439657847528,0.000149321527629,False
42,A3,-0.3993554636,7D5A,-0.399365399477,-9.93587715675e-06,False
42,B0,-0.3814306756,7D38,-0.381399537686,3.11379138654e-05,False
42,B1,-0.1832141828,7B1A,-0.183109843018,0.000104339781699,False
42,B2,-0.1951992259,7B49,-0.195139551814,5.96740861596e-05,False
42,B3,-0.4086895949,7D6B,-0.408663238224,2.63566762539e-05,False
42,C0,-0.7454244019,7F27,-0.745443996335,-1.95944353443e-05,False
43,A0,-0.1591073325,7AB2,-0.159061462924,4.58695763247e-05,False
43,A1,0.8807273415,5FA2,0.880506921519,-0.000220419981208,False
43,A2,0.3546358905,5D02,0.35451197108,-0.000123919419896,False
43,A3,0.8056110915,5F60,0.805245165975,-0.000365925525373,False
43,B0,0.2310298319,5BC6,0.231120758689,9.09267888063e-05,False
43,B1,-0.3981002509,7D58,-0.398285537836,-0.000185286935567,False
43,B2,0.0958744263,593C,0.0958676248651,-6.80143494025e-06,False
43,B3,-0.9991881206,7FFF,-0.998647112891,0.00054100770903,False
43,C0,-0.4261725663,7D8A,-0.426178952415,-6.38611451281e-06,False
44,A0,-0.1402237000,7A55,-0.140244453965,-2.07539650831e-05,False
44,A1,0.1599695624,5AB6,0.159925150938,-4.44114617913e-05,False
44,A2,0.3094112474,5C9D,0.309206086913,-0.000205160486748,False
44,A3,-0.0700236195,7854,-0.0700273595256,-3.74002560043e-06,False
44,B0,-0.1156804014,79C7,-0.115716931289,-3.65298890406e-05,False
44,B1,-0.5725971980,7E64,-0.572486072216,0.000111125784098,False
44,B2,-0.0536276282,778F,-0.0536341937571,-6.56555714744e-06,False
44,B3,0.8023616517,5F5D,0.801981368096,-0.000380283604074,False
44,C0,0.5920495203,5E7D,0.59219352648,0.000144006180196,False
45,A0,-0.6606172076,7ECE,-0.660826638802,-0.000209431201579,False
45,A1,-0.8304089265,7F77,-0.830712906864,-0.000303980363809,False
45,A2,0.0309040198,55F8,0.0309133754123,9.35561231173e-06,False
45,A3,0.2658817115,5C2D,0.265703774033,-0.000177937466975,False
45,B0,-0.3296234892,7CCC,-0.329519900317,0.000103588883484,False
45,B1,0.6368469291,5EB3,0.637107786606,0.000260857506264,False
45,B2,0.5022762751,5E03,0.50203483398,-0.000241441119723,False
45,B3,0.3455913411,5CEF,0.345509402031,-8.1939068884e-05,False
45,C0,-0.5507186680,7E47,-0.550445592061,0.000273075939168,False
46,A0,-0.6017401345,7E89,-0.601892658545,-0.000152524045117,False
46,A1,-0.9511492245,7FDB,-0.951143138379,6.0861209672e-06,False
46,A2,-0.5103149118,7E0F,-0.510257318587,5.75932125259e-05,False
46,A3,-0.0497273116,7757,-0.0497183378082,8.9737917855e-06,False
46,B0,0.6994753892,5EF8,0.699489836269,1.44470691557e-05,False
46,B1,-0.8543435416,7F8C,-0.85466888155,-0.000325339950231,False
46,B2,-0.1711179780,7AE8,-0.171125302872,-7.32487182381e-06,False
46,B3,0.2595307615,5C1C,0.25965852549,0.000127763990345,False
46,C0,-0.6111295265,7E94,-0.610923016486,0.000206510013621,False
47,A0,0.3927085010,5D4E,0.392929870323,0.000221369323085,False
47,A1,-0.0112456620,730D,-0.0112447128071,9.49192928396e-07,False
47,A2,-0.5120311208,7E12,-0.512333896449,-0.000302775648568,False
47,A3,0.3121160222,5CA4,0.312150244297,3.42220973012e-05,False
47,B0,-0.9889103637,7FF8,-0.989228013194,-0.000317649493976,False
47,B1,0.5019289532,5E03,0.50203483398,0.000105880780277,False
47,B2,0.5400923771,5E39,0.540111108234,1.87311343339e-05,False
47,B3,-0.7868254069,7F4F,-0.786924360469,-9.89535692311e-05,False
47,C0,-0.1497076121,7A85,-0.149660522797,4.70893029988e-05,False
48,A0,-0.6482266366,7EC0,-0.648419777326,-0.000193140725505,False
48,A1,0.9159320846,5FBF,0.915763440256,-0.000168644344309,False
48,A2,0.0359155009,5667,0.0359259937776,1.04928776164e-05,False
48,A3,-0.8995632297,7FB2,-0.89978751247,-0.000224282770268,False
48,B0,-0.5016034407,7E02,-0.501355637525,0.000247803174899,False
48,B1,0.6966726947,5EF5,0.696654683026,-1.80116739257e-05,False
48,B2,-0.0870763491,78F5,-0.0870818353783,-5.48627825929e-06,False
48,B3,0.6028332034,5E8A,0.602708054503,-0.000125148897438,False
48,C0,0.3351554652,5CD9,0.335370599574,0.000215134374237,False
49,A0,0.9757849061,5FEE,0.975926058115,0.000141152015489,False
49,A1,0.1909046369,5B39,0.190958113613,5.34767133394e-05,False
49,A2,0.9000792169,5FB2,0.89978751247,-0.000291704429732,False
49,A3,0.7828518516,5F4B,0.782674515248,-0.000177336352076,False
49,B0,0.2253046455,5BB3,0.225251618128,-5.30273719796e-05,False
49,B1,0.4385479226,5D9F,0.438469037366,-7.88852336688e-05,False
49,B2,0.0095563296,5295,0.00955860384452,2.27424452124e-06,False
49,B3,0.6611383394,5ECE,0.660826638802,-0.000311700598421,False
49,C0,0.0957439012,593B,0.0957379267912,-5.97440879349e-06,False
50,A0,0.7944162065,5F56,0.794417192159,9.85658581976e-07,False
50,A1,0.4873108843,5DED,0.487302870166,-8.0141339508e-06,False
50,A2,-0.0506511264,7765,-0.0506696482888,-1.85218888285e-05,False
50,A3,-0.4816169031,7DE4,-0.481401485909,0.000215417190969,False
50,B0,-0.5055205250,7E08,-0.505444643026,7.58819741498e-05,False
50,B1,0.2753228736,5C47,0.27522279603,-0.000100077569584,False
50,B2,0.5316273686,5E2D,0.531407548066,-0.000219820533949,False
50,B3,0.0425996257,56E5,0.0426079256082,8.29990824242e-06,False
50,C0,0.2534968740,5C0A,0.253407521238,-8.93527621276e-05,False
51,A0,-0.4508051062,7DB3,-0.450503236256,0.000301869943959,False
51,A1,-0.8450332923,7F84,-0.845462399635,-0.000429107334653,False
51,A2,-0.4285436983,7D8E,-0.428493061982,5.06363175185e-05,False
51,A3,-0.4565697858,7DBD,-0.456643633637,-7.38478371315e-05,False
51,B0,-0.3605808632,7D0F,-0.360806410123,-0.000225546923268,False
51,B1,0.0803044450,58B9,0.0802879966005,-1.64483994657e-05,False
51,B2,-0.7232518770,7F11,-0.723569311082,-0.000317434081976,False
51,B3,-0.5374770405,7E35,-0.537194196867,0.000282843633025,False
51,C0,0.3878996246,5D44,0.387646219421,-0.00025340517875,False
52,A0,0.4128382834,5D73,0.413113289124,0.000275005723579,False
52,A1,-0.8715422986,7F9A,-0.871022112578,0.000520186022422,False
52,A2,-0.1848012607,7B21,-0.184853353962,-5.20932620736e-05,False
52,A3,0.0852222810,58E5,0.0852158512165,-6.42978351516e-06,False
52,B0,-0.1684515318,7ADC,-0.168367723279,8.38085208818e-05,False
52,B1,-0.5863312210,7E76,-0.586608040082,-0.000276819081819,False
52,B2,-0.1597129645,7AB5,-0.159708790263,4.1742369053e-06,False
52,B3,0.8096769567,5F64,0.809617567597,-5.93891025681e-05,False
52,C0,0.1681588284,5ADB,0.168139940757,-1.88876432828e-05,False
53,A0,0.3910459730,5D4A,0.390807822493,-0.000238150507161,False
53,A1,0.7134640646,5F07,0.713839616468,0.000375551867781,False
53,A2,0.5311891522,5E2D,0.531407548066,0.000218395866051,False
53,A3,-0.2392379421,7BDF,-0.239076937891,0.000161004208862,False
53,B0,-0.9882078328,7FF7,-0.987889699367,0.000318133432966,False
53,B1,-0.2964823947,7C7E,-0.296497891415,-1.54967152485e-05,False
53,B2,0.5069502501,5E0A,0.506815042476,-0.000135207624255,False
53,B3,0.7068959011,5F00,0.707106781187,0.000210880086548,False
53,C0,0.9068606769,5FB8,0.90712608775,0.000265410850199,False
54,A0,-0.1619574347,7ABF,-0.161885634642,7.18000581197e-05,False
54,A1,0.4950313380,5DF9,0.495284070031,0.00025273203064,False
54,A2,0.0922646195,5920,0.0923016341212,3.70146212187e-05,False
54,A3,0.2065051779,5B73,0.206556644562,5.14666617893e-05,False
54,B0,-0.5589226114,7E52,-0.558704075784,0.000218535616315,False
54,B1,-0.5611567308,7E55,-0.56097781586,0.000178914939667,False
54,B2,-0.1283280479,7A13,-0.128256991342,7.1056557628e-05,False
54,B3,-0.9419503601,7FD4,-0.942172089516,-0.000221729416167,False
54,C0,-0.3277409126,7CC8,-0.327740302881,6.09718808886e-07,False
55,A0,0.3582837701,5D0A,0.358372353342,8.85832419472e-05,False
55,A1,-0.1913666617,7B3B,-0.191475853582,-0.000109191882413,False
55,A2,-0.6699105376,7ED8,-0.669833762027,7.67755733485e-05,False
55,A3,-0.0652197015,781F,-0.0651788123681,4.08891319456e-05,False
55,B0,-0.7447444054,7F26,-0.744435494762,0.000308910637801,False
55,B1,0.2445139219,5BF0,0.244643015522,0.000129093621925,False
55,B2,-0.9460670962,7FD7,-0.946006417082,6.06791178004e-05,False
55,B3,-0.2119594873,7B86,-0.211938670186,2.08171138334e-05,False
55,C0,0.1287839660,5A16,0.128778954711,-5.01128924488e-06,False
56,A0,-0.9457959073,7FD7,-0.946006417082,-0.0002105097822,False
56,A1,0.2854992960,5C62,0.285469050992,-3.02450076096e-05,False
56,A2,-0.7286010255,7F16,-0.728483777201,0.000117248299278,False
56,A3,-0.0766031119,7896,-0.0765724246023,3.06872976784e-05,False
56,B0,-0.8994307330,7FB2,-0.89978751247,-0.000356779470268,False
56,B1,-0.2417922716,7BE7,-0.241680315056,0.000111956543801,False
56,B2,-0.5766794316,7E69,-0.576374384451,0.00030504714881,False
56,B3,-0.3463083902,7CF1,-0.346446173052,-0.000137782852453,False
56,C0,0.5224594158,5E20,0.522136891214,-0.000322524586293,False
57,A0,-0.2417475689,7BE7,-0.241680315056,6.72538438008e-05,False
57,A1,0.5040196471,5E06,0.504077949059,5.83019592088e-05,False
57,A2,0.6638485703,5ED1,0.663515983801,-0.00033258649901,False
57,A3,-0.4954569364,7DF9,-0.495284070031,0.00017286636936,False
57,B0,-0.8361875345,7F7C,-0.836355089821,-0.000167555320798,False
57,B1,-0.9612334259,7FE3,-0.961500408089,-0.000266982188954,False
57,B2,0.0788380958,58AC,0.0788873343996,4.92385996407e-05,False
57,B3,0.9998156570,4000,1,0.000184343,False
57,C0,-0.3000793126,7C87,-0.300132587277,-5.32746769218e-05,False
58,A0,0.3002881865,5C87,0.300132587277,-0.000155599223078,False
58,A1,0.5624660992,5E57,0.562498781016,3.26818161916e-05,False
58,A2,0.3035093105,5C8F,0.303400816873,-0.000108493626783,False
58,A3,0.5084664081,5E0C,0.508189157455,-0.000277250644523,False
58,B0,0.8992234654,5FB2,0.89978751247,0.000564047070268,False
58,B1,-0.6012786353,7E88,-0.601078365726,0.000200269573648,False
58,B2,-0.9592399654,7FE1,-0.958900564912,0.000339400488316,False
58,B3,-0.6952353084,7EF3,-0.694770967835,0.000464340564623,False
58,C0,-0.7475580503,7F29,-0.747465100044,9.29502560685e-05,False
59,A0,0.3389176892,5CE1,0.339022545966,0.000104856766332,False
59,A1,0.1279391639,5A11,0.127910191631,-2.89722688641e-05,False
59,A2,-0.5640709182,7E59,-0.564023869927,4.70482730698e-05,False
59,A3,0.3989299425,5D59,0.398825103176,-0.000104839323588,False
59,B0,0.5337961967,5E30,0.533570200338,-0.000225996361588,False
59,B1,-0.6644217133,7ED2,-0.664414862103,6.85119702282e-06,False
59,B2,0.2144949878,5B8F,0.214536775029,4.17872285897e-05,False
59,B3,0.4958513039,5DFA,0.495955041213,0.000103737312555,False
59,C0,-0.7709342572,7F40,-0.771105412704,-0.00017115550397,False
60,A0,0.6386023486,5EB5,0.638835161052,0.000232812452379,False
60,A1,0.9294415461,5FCA,0.929502886214,6.13401144103e-05,False
60,A2,-0.7838025007,7F4C,-0.783734819983,6.76807172235e-05,False
60,A3,-0.9486431490,7FD9,-0.948571300678,7.1848321834e-05,False
60,B0,-0.3760855112,7D2E,-0.376270932906,-0.000185421705852,False
60,B1,0.3546945737,5D02,0.35451197108,-0.000182602619896,False
60,B2,0.9163456764,5FBF,0.915763440256,-0.000582236144309,False
60,B3,-0.2066911170,7B73,-0.206556644562,0.000134472438211,False
60,C0,0.4300294101,5D91,0.430236886468,0.000207476368151,False
61,A0,-0.8480070443,7F86,-0.847754680745,0.000252363555334,False
61,A1,0.3812288319,5D38,0.381399537686,0.000170705786135,False
61,A2,0.2544847912,5C0D,0.254438805708,-4.59854919824e-05,False
61,A3,-0.7961973891,7F58,-0.796571075671,-0.000373686571133,False
61,B0,0.5449617699,5E40,0.545253866333,0.000292096432629,False
61,B1,0.7005864782,5EF9,0.700437449065,-0.000149029135323,False
61,B2,0.2008232296,5B5E,0.200766957052,-5.62725479036e-05,False
61,B3,-0.7578898699,7F33,-0.757653112856,0.000236757044196,False
61,C0,0.9676887030,5FE8,0.968030896746,0.000342193746147,False
62,A0,0.5652706927,5E5B,0.565553093773,0.000282401073182,False
62,A1,-0.3055924694,7C94,-0.305461508243,0.000130961156811,False
62,A2,-0.1432439735,7A65,-0.143315407621,-7.1434121472e-05,False
62,A3,-0.2588582476,7C1A,-0.2589564234,-9.81758004893e-05,False
62,B0,0.0119215794,5338,0.0119187355527,-2.84384730829e-06,False
62,B1,-0.3175376503,7CB1,-0.317692541442,-0.000154891141885,False
62,B2,0.6991512540,5EF8,0.699489836269,0.000338582269156,False
62,B3,0.6446618362,5EBC,0.644917936703,0.000256100503333,False
62,C0,-0.7889222587,7F51,-0.789057928854,-0.000135670154168,False
63,A0,0.9215751344,5FC4,0.921983284479,0.000408150079313,False
63,A1,0.2711702122,5C3C,0.271154590553,-1.56216466727e-05,False
63,A2,0.6574146220,5ECA,0.657257793975,-0.000156828025323,False
63,A3,0.4146172874,5D76,0.41479452304,0.000177235640404,False
63,B0,-0.1290257100,7A17,-0.128953414122,7.22958776133e-05,False
63,B1,0.4675906080,5DCE,0.467274997485,-0.00031561051469,False
63,B2,0.9309474625,5FCB,0.930762102264,-0.000185360235863,False
63,B3,-0.4598352072,7DC2,-0.459745146694,9.00605060266e-05,False
63,C0,0.6163984376,5E9B,0.616740021992,0.000341584392414,False
64,A0,0.0763458129,5894,0.0763653770608,1.95641607973e-05,False
64,A1,-0.0330049922,7628,-0.0329889118238,1.60803762326e-05,False
64,A2,-0.1288510140,7A16,-0.128778954711,7.20592892449e-05,False
64,A3,0.4620524286,5DC6,0.462241517378,0.000189088777613,False
64,B0,-0.4632089239,7DC8,-0.463494781271,-0.000285857370846,False
64,B1,0.7034263200,5EFC,0.70328799691,-0.000138323090492,False
64,B2,0.6614620378,5ECF,0.661721873794,0.000259835994398,False
64,B3,-0.8266742039,7F73,-0.826226578247,0.000447625652843,False
64,C0,0.7632623680,5F38,0.762799075372,-0.000463292627731,False
65,A0,-0.5122731216,7E12,-0.512333896449,-6.07748485678e-05,False
65,A1,-0.0705830668,785A,-0.0705984955354,-1.5428735393e-05,False
65,A2,0.2206634085,5BA4,0.220723554492,6.01459916591e-05,False
65,A3,-0.2420213917,7BE8,-0.242007724187,1.36675134632e-05,False
65,B0,-0.9426000045,7FD4,-0.942172089516,0.000427914983833,False
65,B1,0.7019056726,5EFB,0.702336527645,0.000430855044553,False
65,B2,-0.6363202857,7EB2,-0.636245851695,7.44340052986e-05,False
65,B3,-0.5757602996,7E68,-0.575594614976,0.000165684623509,False
65,C0,0.5956647137,5E81,0.595409078769,-0.000255634931374,False
66,A0,-0.3193223137,7CB5,-0.319417580526,-9.52668261894e-05,False
66,A1,0.7606399595,5F36,0.760736509454,9.65499544073e-05,False
66,A2,0.4023675007,5D60,0.402622582987,0.000255082287314,False
66,A3,-0.4474628485,7DAE,-0.44746407058,-1.22208035025e-06,False
66,B0,-0.9796977711,7FF1,-0.979897753126,-0.000199982026072,False
66,B1,0.8961251556,5FAF,0.896140518116,1.53625155384e-05,False
66,B2,-0.8287740761,7F75,-0.828466705755,0.000307370345427,False
66,B3,0.4401493282,5DA2,0.440253460759,0.000104132559396,False
66,C0,-0.0228443063,7519,-0.022857764509,-1.34582090181e-05,False
67,A0,0.5163293070,5E18,0.516512439511,0.000183132510614,False
67,A1,0.3812186789,5D38,0.381399537686,0.000180858786135,False
67,A2,0.2918057995,5C72,0.291720009238,-8.57902618796e-05,False
67,A3,-0.0183573298,7477,-0.018356335302,9.94498044121e-07,False
67,B0,0.5858657363,5E75,0.585814425626,-5.13106736614e-05,False
67,B1,-0.8138932989,7F68,-0.814013710929,-0.000120412028674,False
67,B2,-0.5568071991,7E4F,-0.556439551569,0.00036764753132,False
67,B3,0.3835743106,5D3C,0.38347049946,-0.000103811139761,False
67,C0,-0.3875879397,7D44,-0.387646219421,-5.827972125e-05,False
68,A0,0.1631111707,5AC5,0.163205957385,9.47866848548e-05,False
68,A1,-0.0534790225,778D,-0.0534891699053,-1.01474053271e-05,False
68,A2,0.0618438623,57F8,0.0618267508246,-1.71114753765e-05,False
68,A3,-0.1489923746,7A82,-0.149053922823,-6.15482228939e-05,False
68,B0,0.4918708734,5DF4,0.491942805808,7.1932408294e-05,False
68,B1,-0.3384174056,7CE0,-0.338563886734,-0.000146481134223,False
68,B2,0.4057098844,5D66,0.405906331754,0.000196447354332,False
68,B3,-0.4581671460,7DBF,-0.457881720128,0.000285425872154,False
68,C0,-0.4971926476,7DFC,-0.497299711742,-0.000107064141817,False
69,A0,-0.7586882305,7F34,-0.758679520599,8.70990089263e-06,False
69,A1,-0.6148314131,7E99,-0.615072391563,-0.000240978463101,False
69,A2,-0.7608905175,7F36,-0.760736509454,0.000154008045593,False
69,A3,0.0717279308,5866,0.0717547799275,2.68491275112e-05,False
69,B0,0.5243792190,5E23,0.524261814991,-0.000117404009097,False
69,B1,-0.6297003151,7EAA,-0.629392219775,0.000308095325142,False
69,B2,-0.5672307202,7E5D,-0.567086463766,0.000144256434106,False
69,B3,-0.0316028256,7608,-0.0315902901891,1.25354108844e-05,False
69,C0,0.4491700022,5DB1,0.449285100772,0.00011509857189,False
70,A0,0.9532140458,5FDD,0.953721949039,0.000507903239291,False
70,A1,0.0492737382,5750,0.0492494014096,-2.43367903785e-05,False
70,A2,-0.4340025935,7D97,-0.433745854681,0.000256738819029,False
70,A3,-0.7989477838,7F5A,-0.798730798954,0.000216984845686,False
70,B0,-0.6117648438,7E95,-0.611750646049,1.41977506404e-05,False
70,B1,-0.5450336730,7E40,-0.545253866333,-0.000220193332629,False
70,B2,-0.6411169126,7EB8,-0.641435008039,-0.000318095439389,False
70,B3,-0.9717032655,7FEB,-0.971970461071,-0.000267195571462,False
70,C0,0.0682701785,5841,0.0682490665739,-2.11119260502e-05,False
71,A0,-0.4513773464,7DB4,-0.451113541952,0.000263804448344,False
71,A1,0.9485898622,5FD9,0.948571300678,-1.8561521834e-05,False
71,A2,0.1067179336,598B,0.10668907638,-2.88572202633e-05,False
71,A3,0.3948347858,5D52,0.395063440663,0.000228654863206,False
71,B0,-0.7474410141,7F29,-0.747465100044,-2.40859439316e-05,False
71,B1,0.7369223945,5F1F,0.737414083442,0.00049168894219,False
71,B2,-0.0182426110,7472,-0.0182325005774,1.01104226175e-05,False
71,B3,0.7454394700,5F27,0.745443996335,4.52633534431e-06,False
71,C0,0.1481284393,5A7D,0.14804838162,-8.00576799509e-05,False
72,A0,-0.0612061101,77F1,-0.0612436095704,-3.74994703795e-05,False
72,A1,-0.1190624037,79DC,-0.119053958864,8.44483639537e-06,False
72,A2,-0.6312726592,7EAC,-0.631098675197,0.000173984002875,False
72,A3,-0.8972465656,7FB0,-0.897354537502,-0.000107971901554,False
72,B0,0.8821271935,5FA3,0.881699761761,-0.000427431739488,False
72,B1,-0.0445416255,7706,-0.0445546170033,-1.29915032967e-05,False
72,B2,0.6442312906,5EBB,0.64404543554,-0.000185855059615,False
72,B3,-0.1985851155,7B56,-0.19860429804,-1.91825396455e-05,False
72,C0,-0.8518356595,7F8A,-0.852357904829,-0.000522245329026,False
73,A0,0.2588914139,5C1A,0.2589564234,6.50095004893e-05,False
73,A1,-0.8927818514,7FAC,-0.892508305659,0.000273545740533,False
73,A2,-0.7016048311,7EFA,-0.70138634561,0.000218485489898,False
73,A3,0.1256791942,5A04,0.125678737639,-4.5656089967e-07,False
73,B0,-0.3923289763,7D4D,-0.392398280567,-6.93042667725e-05,False
73,B1,0.9878362454,5FF7,0.987889699367,5.34539670342e-05,False
73,B2,-0.7630968756,7F38,-0.762799075372,0.000297800227731,False
73,B3,0.5288868907,5E29,0.528537640941,-0.000349249758655,False
73,C0,0.2126353025,5B88,0.212513294215,-0.000122008285185,False
74,A0,0.5814816597,5E70,0.581862429389,0.000380769688789,False
74,A1,-0.5486257259,7E45,-0.548957218052,-0.0003314921519,False
74,A2,0.0451450703,5710,0.045161900218,1.68299180327e-05,False
74,A3,-0.0989710702,7954,-0.0990336415783,-6.25713782809e-05,False
74,B0,-0.1145579920,79C0,-0.114625505401,-6.75134005839e-05,False
74,B1,0.7203333317,5F0E,0.720636559564,0.000303227864313,False
74,B2,0.9800625209,5FF1,0.979897753126,-0.000164767773928,False
74,B3,-0.3892395114,7D47,-0.38922381082,1.57005795414e-05,False
74,C0,0.2420546421,5BE8,0.242007724187,-4.69179134632e-05,False
75,A0,0.2192618245,5B9F,0.219234518683,-2.73058168344e-05,False
75,A1,0.4801786110,5DE2,0.480099803291,-7.88077092381e-05,False
75,A2,0.8951804007,5FAE,0.894928141161,-0.0002522595393,False
75,A3,-0.5844241884,7E73,-0.584230416275,0.000193772124877,False
75,B0,-0.5779496094,7E6B,-0.577937093939,1.25154606713e-05,False
75,B1,0.3208562744,5CB8,0.32071750402,-0.000138770380305,False
75,B2,-0.6858858132,7EE9,-0.685428518895,0.000457294305331,False
75,B3,-0.6523729033,7EC4,-0.651940632596,0.000432270704032,False
75,C0,-0.8498702622,7F88,-0.850053176859,-0.000182914659262,False
76,A0,-0.9946485548,7FFC,-0.994599423484,4.91313163669e-05,False
76,A1,-0.0989925908,7954,-0.0990336415783,-4.10507782809e-05,False
76,A2,0.1876223902,5B2C,0.187626758703,4.36850330321e-06,False
76,A3,-0.4174814219,7D7B,-0.417611797901,-0.000130376000604,False
76,B0,-0.5370475309,7E35,-0.537194196867,-0.000146665966975,False
76,B1,0.4139116598,5D74,0.413672941914,-0.000238717885951,False
76,B2,0.4059751162,5D66,0.405906331754,-6.87844456678e-05,False
76,B3,-0.0919373472,791D,-0.0919275196398,9.8275601528e-06,False
76,C0,0.3747698401,5D2B,0.37474584176,-2.39983397111e-05,False
77,A0,0.8478220890,5F86,0.847754680745,-6.74082553337e-05,False
77,A1,0.5756560533,5E68,0.575594614976,-6.14383235087e-05,False
77,A2,0.2501160143,5C00,0.25,-0.0001160143,False
77,A3,0.3223660857,5CBC,0.322458968352,9.28826516664e-05,False
77,B0,0.8673369169,5F97,0.867491709362,0.000154792461941,False
77,B1,-0.1497220678,7A85,-0.149660522797,6.15450029988e-05,False
77,B2,0.0891247574,5906,0.0891092340066,-1.55233934066e-05,False
77,B3,0.2952694468,5C7B,0.295296134199,2.66873990232e-05,False
77,C0,0.8168228904,5F6B,0.817326476447,0.000503586047492,False
78,A0,0.6532623193,5EC5,0.652823829539,-0.000438489760581,False
78,A1,-0.8571803263,7F8E,-0.856986123965,0.000194202335037,False
78,A2,-0.6681544216,7ED6,-0.668022569102,0.000131852497927,False
78,A3,-0.3847763748,7D3F,-0.385031097066,-0.00025472226571,False
78,B0,0.4979154441,5DFD,0.497973413554,5.79694536529e-05,False
78,B1,0.1384140986,5A4B,0.138358614298,-5.54843015748e-05,False
78,B2,-0.4227788234,7D84,-0.422731199817,4.76235826737e-05,False
78,B3,-0.7512926837,7F2D,-0.751523761622,-0.000231077922441,False
78,C0,0.3773559824,5D30,0.377291106898,-6.48755016443e-05,False
79,A0,0.3994673700,5D5A,0.399365399477,-0.000101970522843,False
79,A1,0.8853524815,5FA6,0.885287987032,-6.44944682227e-05,False
79,A2,0.0009443542,0000,0,-0.0009443542,True
79,A3,-0.0124095613,7356,-0.0124127686275,-3.20732747784e-06,False
79,B0,-0.8391162962,7F7E,-0.838622678509,0.000493617691061,False
79,B1,-0.9202784316,7FC3,-0.920735945179,-0.000457513579,False
79,B2,-0.1359426717,7A3E,-0.135944882615,-2.21091472122e-06,False
79,B3,-0.3553568333,7D04,-0.355473150542,-0.000116317242291,False
79,C0,-0.4992641952,7DFF,-0.499323556445,-5.93612454851e-05,False
80,A0,-0.8173462267,7F6B,-0.817326476447,1.97502525079e-05,False
80,A1,0.9238222044,5FC5,0.923232313575,-0.000589890825012,False
80,A2,0.6719172278,5EDA,0.671649865593,-0.000267362206582,False
80,A3,0.1503982184,5A89,0.150473164636,7.49462362792e-05,False
80,B0,0.9015725556,5FB3,0.901006472512,-0.000566083087919,False
80,B1,0.9991448338,5FFF,0.998647112891,-0.00049772090903,False
80,B2,0.3445631686,5CED,0.344575163986,1.19953860811e-05,False
80,B3,-0.4609779481,7DC4,-0.46099164224,-1.36941396565e-05,False
80,C0,-0.9195366537,7FC2,-0.919490293388,4.63603120532e-05,False
81,A0,0.5125376608,5E12,0.512333896449,-0.000203764351432,False
81,A1,-0.0589983535,77D5,-0.0589655292992,3.28242007735e-05,False
81,A2,0.3030189789,5C8E,0.302990349819,-2.86290807997e-05,False
81,A3,0.8321455759,5F78,0.831838290163,-0.000307285736632,False
81,B0,-0.6370217056,7EB3,-0.637107786606,-8.60810062635e-05,False
81,B1,0.1706592506,5AE6,0.170662589651,3.33905050148e-06,False
81,B2,0.2695694389,5C38,0.269690199439,0.00012076053928,False
81,B3,-0.0165483956,742A,-0.0165391769187,9.21868133574e-06,False
81,C0,-0.8175151874,7F6B,-0.817326476447,0.000188710952508,False
82,A0,-0.3040778874,7C91,-0.304223419938,-0.000145532538217,False
82,A1,-0.3333832127,7CD5,-0.33355940499,-0.000176192289897,False
82,A2,0.3402670190,5CE4,0.34040225516,0.000135236159556,False
82,A3,0.7154661888,5F09,0.71577503201,0.000308843209756,False
82,B0,-0.3403926728,7CE4,-0.34040225516,-9.58235955617e-06,False
82,B1,0.3873473480,5D43,0.387121777848,-0.000225570151869,False
82,B2,-0.4235644093,7D85,-0.423303882183,0.000260527117266,False
82,B3,0.8903870791,5FAA,0.890095013258,-0.000292065842288,False
82,C0,0.6271320695,5EA7,0.626841184291,-0.000290885209206,False
83,A0,0.1001932179,595D,0.100247671012,5.44531119907e-05,False
83,A1,-0.0903481828,7910,-0.0903238004361,2.43823639346e-05,False
83,A2,-0.3709656857,7D24,-0.371211291468,-0.000245605768188,False
83,A3,-0.3534524274,7D00,-0.353553390593,-0.000100963193274,False
83,B0,0.9403694536,5FD3,0.940897437042,0.000527983441773,False
83,B1,-0.1916498860,7B3C,-0.19173524973,-8.53637301195e-05,False
83,B2,0.0291925047,55CE,0.0292046873428,1.21826428319e-05,False
83,B3,0.9762384296,5FEE,0.975926058115,-0.000312371484511,False
83,C0,0.3153207730,5CAB,0.315122434967,-0.000198338032537,False
84,A0,0.0851871887,58E5,0.0852158512165,2.86625164848e-05,False
84,A1,-0.1735048584,7AF2,-0.173457755287,4.71031126839e-05,False
84,A2,-0.6248349172,7EA5,-0.625146240885,-0.000311323685154,False
84,A3,-0.2764412817,7C4A,-0.276342861425,9.84202745647e-05,False
84,B0,0.5128863081,5E13,0.513027965369,0.000141657269488,False
84,B1,0.2508174843,5C02,0.250677818763,-0.000139665537449,False
84,B2,0.5199810721,5E1D,0.52002058012,3.95080199639e-05,False
84,B3,-0.5928835233,7E7E,-0.59299578283,-0.000112259530497,False
84,C0,0.0984392782,5950,0.0984988028192,5.95246192429e-05,False
85,A0,0.8553455217,5F8D,0.855826718485,0.000481196785233,False
85,A1,-0.1237678099,79F9,-0.123821017508,-5.320760766e-05,False
85,A2,0.3965000582,5D55,0.39667121769,0.000171159490059,False
85,A3,-0.7571478333,7F33,-0.757653112856,-0.000505279555804,False
85,B0,0.9462936316,5FD7,0.946006417082,-0.0002872145178,False
85,B1,0.2177433342,5B9A,0.217755528144,1.21939443946e-05,False
85,B2,-0.5214050753,7E1F,-0.521430498944,-2.54236444349e-05,False
85,B3,-0.6832436724,7EE7,-0.683575158622,-0.000331486222159,False
85,C0,0.1016780140,5967,0.101614055284,-6.39587159269e-05,False
86,A0,0.1045028181,597C,0.104544386228,4.15681275998e-05,False
86,A1,-0.8135815974,7F68,-0.814013710929,-0.000432113528674,False
86,A2,0.9845142788,5FF4,0.983885611617,-0.000628667183412,False
86,A3,0.8258597570,5F73,0.826226578247,0.000366821247157,False
86,B0,-0.0771042116,789B,-0.0770925027491,1.17088509482e-05,False
86,B1,-0.7650677018,7F3A,-0.764867233474,0.000200468326357,False
86,B2,0.6642863475,5ED2,0.664414862103,0.000128514602977,False
86,B3,-0.0032489906,0000,0,0.0032489906,True
86,C0,0.4332066520,5D96,0.433159045506,-4.76064944223e-05,False
87,A0,0.0177440301,545E,0.0177454595962,1.42949621571e-06,False
87,A1,-0.4531502066,7DB7,-0.45294942428,0.000200782320091,False
87,A2,0.6694478912,5ED8,0.669833762027,0.000385870826651,False
87,A3,0.9604892652,5FE2,0.960199606582,-0.000289658618476,False
87,B0,-0.5125381878,7E12,-0.512333896449,0.000204291351432,False
87,B1,0.1025301538,596E,0.102581590478,5.14366777504e-05,False
87,B2,-0.2328279735,7BCB,-0.232690525566,0.000137447933966,False
87,B3,0.8437362999,5F82,0.843176316724,-0.000559983175803,False
87,C0,0.0164817832,5427,0.0164721407751,-9.64242488994e-06,False
88,A0,0.7586525103,5F34,0.758679520599,2.70102991073e-05,False
88,A1,0.7280538689,5F16,0.728483777201,0.000429908300722,False
88,A2,-0.4475051944,7DAE,-0.44746407058,4.11238196497e-05,False
88,A3,0.5800123640,5E6E,0.580289106014,0.000276742013749,False
88,B0,-0.1701151529,7AE4,-0.17020112758,-8.59746797781e-05,False
88,B1,0.8684967874,5F98,0.868666917637,0.000170130236853,False
88,B2,0.0154753516,53F9,0.0154776271885,2.2755884575e-06,False
88,B3,0.6410989464,5EB8,0.641435008039,0.000336061639389,False
88,C0,-0.4343220334,7D98,-0.434333458818,-1.14254184266e-05,False
89,A0,-0.4028883005,7D60,-0.402622582987,0.000265717512686,False
89,A1,0.1738754448,5AF4,0.173928046971,5.26021714908e-05,False
89,A2,0.9978046665,5FFE,0.997296056085,-0.00050861041453,False
89,A3,-0.0207193067,74D0,-0.0207068225494,1.2484150629e-05,False
89,B0,-0.7028091632,7EFB,-0.702336527645,0.000472635555447,False
89,B1,0.0771611554,589C,0.0771969414961,3.57860960583e-05,False
89,B2,-0.3097521166,7C9E,-0.30962497455,0.000127142050046,False
89,B3,0.1038348341,5977,0.103839113358,4.27925797611e-06,False
89,C0,0.0868601259,58F3,0.0868463709794,-1.37549205778e-05,False
90,A0,-0.0893107663,7908,-0.0893508336495,-4.00673494981e-05,False
90,A1,-0.3564452995,7D06,-0.356436936026,8.36347362643e-06,False
90,A2,-0.6226952526,7EA2,-0.622612415088,8.2837512371e-05,False
90,A3,0.3949968552,5D52,0.395063440663,6.65854632061e-05,False
90,B0,0.1435952840,5A66,0.143509559855,-8.57241449776e-05,False
90,B1,-0.5328751079,7E2F,-0.532848340093,2.67678073885e-05,False
90,B2,0.5510889502,5E48,0.551191291654,0.00010234145392,False
90,B3,-0.9127054018,7FBD,-0.913287267274,-0.000581865474263,False
90,C0,0.4894103031,5DF0,0.489286031044,-0.00012427205615,False
91,A0,0.4104557621,5D6E,0.410326361911,-0.000129400188998,False
91,A1,0.6228178051,5EA2,0.622612415088,-0.000205390012371,False
91,A2,-0.2278424950,7BBB,-0.227704447431,0.000138047568575,False
91,A3,0.3273776590,5CC7,0.32729690725,-8.07517496864e-05,False
91,B0,0.6414951034,5EB8,0.641435008039,-6.00953606109e-05,False
91,B1,0.9616362773,5FE3,0.961500408089,-0.000135869211046,False
91,B2,-0.0093427008,7284,-0.00934112806281,1.57273718885e-06,False
91,B3,-0.9259607773,7FC7,-0.925735450312,0.000225326987675,False
91,C0,0.0045823003,5076,0.00458287531314,5.75013139209e-07,False
92,A0,0.1803608586,5B0F,0.180403205062,4.23464616338e-05,False
92,A1,0.7394006267,5F21,0.739413415848,1.27891482946e-05,False
92,A2,0.7483807481,5F2A,0.748477705884,9.69577836177e-05,False
92,A3,-0.1193875805,79DE,-0.119376746892,1.08336081006e-05,False
92,B0,0.0519021736,5777,0.051919556679,1.73830789881e-05,False
92,B1,-0.0861438511,78ED,-0.0861437909965,6.0103479721e-08,False
92,B2,0.4448876551,5DAA,0.445047506629,0.000159851528856,False
92,B3,-0.1800427605,7B0E,-0.180159139891,-0.000116379391078,False
92,C0,0.3095626529,5C9E,0.30962497455,6.23216499541e-05,False
93,A0,-0.6912775625,7EEF,-0.691018804062,0.000258758437768,False
93,A1,-0.0610187980,77EE,-0.0609953786322,2.34193677819e-05,False
93,A2,0.9384072611,5FD1,0.938353303143,-5.39579573127e-05,False
93,A3,-0.3228775319,7CBD,-0.32289580993,-1.82780304812e-05,False
93,B0,0.3854091972,5D40,0.385552706352,0.000143509151985,False
93,B1,0.2996733052,5C86,0.299726541769,5.32365685951e-05,False
93,B2,0.7035305847,5EFC,0.70328799691,-0.000242587790492,False
93,B3,0.7046826731,5EFD,0.704240755149,-0.000441917951198,False
93,C0,0.7186843683,5F0C,0.718687998724,3.63042449114e-06,False
94,A0,-0.2399812050,7BE2,-0.240049901645,-6.86966453809e-05,False
94,A1,-0.3666776921,7D1B,-0.36671581113,-3.81190301569e-05,False
94,A2,0.4374348504,5D9D,0.437283441681,-0.000151408718965,False
94,A3,0.5188036187,5E1B,0.518614473637,-0.000189145063082,False
94,B0,0.7447660348,5F26,0.744435494762,-0.000330540037802,False
94,B1,-0.9282018003,7FC9,-0.928245373742,-4.35734418447e-05,False
94,B2,-0.8631585056,7F93,-0.862806754008,0.000351751591781,False
94,B3,0.2623220337,5C24,0.26248602145,0.000163987750172,False
94,C0,0.8418581976,5F81,0.842035594355,0.000177396754661,False
95,A0,0.9948518459,5FFC,0.994599423484,-0.000252422416367,False
95,A1,0.4935327335,5DF6,0.493276598064,-0.000256135436191,False
95,A2,-0.1320570562,7A29,-0.132134410235,-7.73540353363e-05,False
95,A3,-0.8031137472,7F5E,-0.803067828208,4.59189916144e-05,False
95,B0,0.2674956576,5C32,0.267508427955,1.27703550605e-05,False
95,B1,0.7451584652,5F27,0.745443996335,0.000285531135344,False
95,B2,-0.1126428967,79B3,-0.112625809064,1.70876359898e-05,False
95,B3,0.3880023256,5D45,0.388171371466,0.000169045865801,False
95,C0,0.8068481241,5F61,0.806336047619,-0.000512076481003,False
96,A0,-0.9080180626,7FB9,-0.908354989506,-0.000336926905925,False
96,A1,0.5922869303,5E7D,0.59219352648,-9.34038198035e-05,False
96,A2,-0.4132644481,7D73,-0.413113289124,0.000151158976421,False
96,A3,-0.2503178204,7C01,-0.250338679973,-2.08595730271e-05,False
96,B0,-0.7088604086,7F02,-0.70902394216,-0.000163533560208,False
96,B1,0.0623326363,57FE,0.0623310035053,-1.63279465812e-06,False
96,B2,0.1318561238,5A27,0.131777126201,-7.89975991196e-05,False
96,B3,0.5850389478,5E74,0.585021884842,-1.70629583749e-05,False
96,C0,-0.6600327019,7ECD,-0.659932614961,0.000100086939359,False
97,A0,-0.8420632987,7F81,-0.842035594355,2.77043453387e-05,False
97,A1,0.7416791973,5F23,0.741418168994,-0.000261028305531,False
97,A2,0.2394207371,5BE0,0.239400820175,-1.99169253566e-05,False
97,A3,-0.5183404163,7E1B,-0.518614473637,-0.000274057336918,False
97,B0,0.8256580320,5F72,0.82510878696,-0.000549245039691,False
97,B1,-0.7137645597,7F07,-0.713839616468,-7.50567677812e-05,False
97,B2,-0.0777001733,78A1,-0.0777212613472,-2.10880471669e-05,False
97,B3,-0.4920453212,7DF4,-0.491942805808,0.000102515391706,False
97,C0,-0.4893465837,7DF0,-0.489286031044,6.055265615e-05,False
98,A0,-0.9812051371,7FF2,-0.981225240104,-2.01030044636e-05,False
98,A1,0.6092661540,5E92,0.609271114914,4.96091370428e-06,False
98,A2,0.8024188472,5F5D,0.801981368096,-0.000437479104074,False
98,A3,0.3552217714,5D03,0.354992235499,-0.000229535900683,False
98,B0,-0.6840487559,7EE8,-0.684501211487,-0.000452455587295,False
98,B1,-0.1165404328,79CC,-0.116502878025,3.75547751382e-05,False
98,B2,-0.3088687511,7C9C,-0.308787765984,8.09851157667e-05,False
98,B3,0.1751434103,5AF9,0.175109362266,-3.40480338308e-05,False
98,C0,0.2778774047,5C4E,0.277843375836,-3.40288637956e-05,False
99,A0,-0.1513821231,7A8D,-0.15129021904,9.19040596153e-05,False
99,A1,-0.4998035512,7E00,-0.5,-0.0001964488,False
99,A2,0.6906078503,5EEF,0.691018804062,0.000410953762232,False
99,A3,-0.6015660018,7E89,-0.601892658545,-0.000326656745117,False
99,B0,-0.2306135021,7BC4,-0.23049582112,0.000117680980172,False
99,B1,-0.0335838779,7635,-0.0335746373042,9.24059581408e-06,False
99,B2,-0.5255885961,7E25,-0.52568323297,-9.46368696615e-05,False
99,B3,0.1438453847,5A68,0.143898653744,5.32690441228e-05,False
99,C0,0.1496238604,5A85,0.149660522797,3.66623970011e-05,False
