vector_id,label,original,fp16_hex,decoded_fp16,quantization_error
0,A0,0.2788535969,3476,0.27880859375,-4.500315e-05
0,A1,-0.9499784896,BB9A,-0.9501953125,-0.0002168229
0,A2,-0.4499413633,B733,-0.449951171875,-9.80857499999e-06
0,A3,-0.5535785237,B86E,-0.5537109375,-0.0001324138
0,B0,0.4729424283,3791,0.472900390625,-4.2037675e-05
0,B1,0.3533989748,35A8,0.353515625,0.0001166502
0,B2,0.7843591354,3A46,0.7841796875,-0.0001794479
0,B3,-0.8261223347,BA9C,-0.826171875,-4.95403e-05
0,C0,-0.1561563606,B0FF,-0.156127929688,2.84309125e-05
1,A0,-0.9404055611,BB86,-0.9404296875,-2.41264e-05
1,A1,-0.5627240504,B880,-0.5625,0.0002240504
1,A2,0.0107105762,217C,0.0107116699219,1.093721875e-06
1,A3,-0.9469280606,BB93,-0.94677734375,0.00015071685
1,B0,-0.6023246986,B8D2,-0.6025390625,-0.0002143639
1,B1,0.2997688756,34CC,0.2998046875,3.58119e-05
1,B2,0.0898829612,2DC1,0.0899047851562,2.182395625e-05
1,B3,-0.5591187559,B879,-0.55908203125,3.672465e-05
1,C0,0.1785313678,31B7,0.178588867188,5.74993875e-05
2,A0,0.6188609134,38F3,0.61865234375,-0.00020856965
2,A1,-0.9870024806,BBE5,-0.98681640625,0.00018607435
2,A2,0.6116385037,38E5,0.61181640625,0.00017790255
2,A3,0.3962787900,3657,0.396240234375,-3.8555625e-05
2,B0,-0.3194989670,B51D,-0.319580078125,-8.1111125e-05
2,B1,-0.6890410004,B983,-0.68896484375,7.615665e-05
2,B2,0.9144261444,3B51,0.91455078125,0.00012463685
2,B3,-0.3268109098,B53B,-0.326904296875,-9.3387075e-05
2,C0,-0.8145083132,BA84,-0.814453125,5.51881999999e-05
3,A0,-0.8065672463,BA74,-0.806640625,-7.33787e-05
3,A1,0.6949887327,398F,0.69482421875,-0.00016451395
3,A2,0.2074520627,32A3,0.207397460938,-5.46017625e-05
3,A3,0.6142565465,38EA,0.6142578125,1.26600000006e-06
3,B0,0.4594635734,375A,0.45947265625,9.08285000001e-06
3,B1,0.0724561829,2CA3,0.0724487304688,-7.45243125e-06
3,B2,0.9462315280,3B92,0.9462890625,5.75345e-05
3,B3,-0.2429312456,B3C6,-0.242919921875,1.1323725e-05
3,C0,0.1040812625,2EA9,0.104064941406,-1.632109375e-05
4,A0,0.6588093285,3945,0.65869140625,-0.00011792225
4,A1,0.2370395047,3396,0.237060546875,2.1042175e-05
4,A2,0.7234138006,39CA,0.7236328125,0.0002190119
4,A3,0.1547042905,30F3,0.154663085938,-4.12045625e-05
4,B0,0.4091436724,368C,0.4091796875,3.60151e-05
4,B1,-0.9083512327,BB44,-0.908203125,0.0001481077
4,B2,-0.5442034487,B85B,-0.54443359375,-0.00023014505
4,B3,-0.4212240728,B6BD,-0.421142578125,8.1494675e-05
4,C0,-0.8404160462,BAB9,-0.84033203125,8.401495e-05
5,A0,-0.5344182273,B846,-0.5341796875,0.0002385398
5,A1,-0.7979971412,BA62,-0.7978515625,0.0001455787
5,A2,-0.4440527938,B71B,-0.444091796875,-3.9003075e-05
5,A3,0.2713688885,3458,0.271484375,0.0001154865
5,B0,-0.2703356421,B453,-0.270263671875,7.1970225e-05
5,B1,-0.2596380658,B427,-0.259521484375,0.000116581425
5,B2,-0.5809859385,B8A6,-0.5810546875,-6.8749e-05
5,B3,-0.4660443559,B775,-0.466064453125,-2.0097225e-05
5,C0,0.8733091754,3AFD,0.87353515625,0.00022598085
6,A0,0.2960707705,34BD,0.296142578125,7.1807625e-05
6,A1,0.2182620113,32FC,0.21826171875,-2.92550000003e-07
6,A2,-0.6577227036,B943,-0.65771484375,7.85984999996e-06
6,A3,0.4582535959,3755,0.458251953125,-1.64277499998e-06
6,B0,-0.6731950125,B963,-0.67333984375,-0.00014483125
6,B1,-0.2410891165,B3B7,-0.241088867188,2.49312500006e-07
6,B2,0.9790467013,3BD5,0.97900390625,-4.279505e-05
6,B3,0.2799995197,347B,0.280029296875,2.9777175e-05
6,C0,0.1138994875,2F4A,0.113891601562,-7.88593749999e-06
7,A0,0.3692285020,35E8,0.369140625,-8.7877e-05
7,A1,0.6857038404,397C,0.685546875,-0.0001569654
7,A2,0.5519998231,386A,0.5517578125,-0.0002420106
7,A3,-0.5419038561,B856,-0.5419921875,-8.83314e-05
7,B0,-0.9357995122,BB7D,-0.93603515625,-0.00023564405
7,B1,-0.3690939039,B5E8,-0.369140625,-4.67211e-05
7,B2,-0.4645182480,B76F,-0.464599609375,-8.1361375e-05
7,B3,-0.5780343128,B8A0,-0.578125,-9.06872000001e-05
7,C0,0.8858194287,3B16,0.8857421875,-7.72412e-05
8,A0,0.7527352529,3A06,0.7529296875,0.0001944346
8,A1,-0.3706442384,B5EE,-0.37060546875,3.876965e-05
8,A2,0.3108773306,34F9,0.310791015625,-8.6314975e-05
8,A3,-0.2087361979,B2AE,-0.208740234375,-4.036475e-06
8,B0,0.8290951795,3AA2,0.8291015625,6.383e-06
8,B1,-0.0822962948,AD44,-0.082275390625,2.0904175e-05
8,B2,-0.4702396670,B786,-0.47021484375,2.482325e-05
8,B3,-0.5067449846,B80E,-0.5068359375,-9.09529000001e-05
8,C0,0.1227362683,2FDB,0.122741699219,5.43091874999e-06
9,A0,-0.4745167830,B798,-0.474609375,-9.2592e-05
9,A1,0.1691719804,316A,0.169189453125,1.7472725e-05
9,A2,0.7956457672,3A5D,0.79541015625,-0.00023561095
9,A3,-0.2011989897,B270,-0.201171875,2.71147e-05
9,B0,-0.5613584817,B87E,-0.5615234375,-0.0001649558
9,B1,0.9950752130,3BF6,0.9951171875,4.19745e-05
9,B2,0.0190525874,24E1,0.0190582275391,5.6401390625e-06
9,B3,-0.8181811757,BA8C,-0.818359375,-0.0001781993
9,C0,-0.9057672492,BB3F,-0.90576171875,5.53044999996e-06
10,A0,-0.7807017393,BA3F,-0.78076171875,-5.997945e-05
10,A1,0.2548920834,3414,0.2548828125,-9.27090000002e-06
10,A2,0.5841587287,38AC,0.583984375,-0.0001743537
10,A3,-0.1556800664,B0FB,-0.155639648438,4.04179625e-05
10,B0,-0.8729445877,BAFC,-0.873046875,-0.0001022873
10,B1,-0.2367614270,B394,-0.23681640625,-5.497925e-05
10,B2,0.9922427605,3BF0,0.9921875,-5.52605e-05
10,B3,0.0582286902,2B74,0.0582275390625,-1.1511375e-06
10,C0,0.9421567552,3B8A,0.9423828125,0.0002260573
11,A0,0.7215594045,39C6,0.7216796875,0.000120283
11,A1,-0.9770379561,BBD1,-0.97705078125,-1.282515e-05
11,A2,0.4414436387,3710,0.44140625,-3.73887e-05
11,A3,0.3634207381,35D1,0.363525390625,0.000104652525
11,B0,0.0739406608,2CBB,0.0739135742188,-2.708658125e-05
11,B1,-0.4663496201,B776,-0.46630859375,4.102635e-05
11,B2,0.2819235972,3483,0.281982421875,5.8824675e-05
11,B3,-0.7768956528,BA37,-0.77685546875,4.01840499999e-05
11,C0,-0.1304694987,B02D,-0.130493164062,-2.36653625e-05
12,A0,-0.0925525873,ADEC,-0.092529296875,2.3290425e-05
12,A1,0.9076318550,3B43,0.90771484375,8.298875e-05
12,A2,0.7517058808,3A03,0.75146484375,-0.00024103705
12,A3,-0.4732218985,B792,-0.47314453125,7.736725e-05
12,B0,0.0011722261,14CD,0.00117206573486,-1.60365136719e-07
12,B1,-0.6426962389,B924,-0.642578125,0.0001181139
12,B2,0.8252556787,3A9A,0.8251953125,-6.03662000001e-05
12,B3,0.7410371397,39EE,0.7412109375,0.0001737978
12,C0,-0.4031104171,B673,-0.403076171875,3.4245225e-05
13,A0,0.2778989897,3472,0.27783203125,-6.695845e-05
13,A1,0.2179404229,32F9,0.217895507812,-4.49150875e-05
13,A2,-0.6943214629,B98E,-0.6943359375,-1.44746e-05
13,A3,0.5250216002,3833,0.52490234375,-0.00011925645
13,B0,0.0787580602,2D0A,0.0787353515625,-2.27086375e-05
13,B1,0.5572529573,3875,0.55712890625,-0.00012405105
13,B2,0.0607073444,2BC5,0.0606994628906,-7.881509375e-06
13,B3,-0.9988562077,BBFE,-0.9990234375,-0.0001672298
13,C0,-0.3516878860,B5A1,-0.351806640625,-0.000118754625
14,A0,-0.9610465152,BBB0,-0.9609375,0.0001090152
14,A1,0.8581972325,3ADE,0.8583984375,0.000201205
14,A2,0.7574437556,3A0F,0.75732421875,-0.00011953685
14,A3,0.6633310587,394F,0.66357421875,0.00024316005
14,B0,-0.3849717492,B629,-0.385009765625,-3.8016425e-05
14,B1,-0.8841496670,BB13,-0.88427734375,-0.00012767675
14,B2,0.7560191984,3A0C,0.755859375,-0.0001598234
14,B3,0.8938988906,3B27,0.89404296875,0.00014407815
14,C0,-0.8286930959,BAA1,-0.82861328125,7.981465e-05
15,A0,-0.0280190734,A72C,-0.0280151367188,3.93668125e-06
15,A1,-0.8615749631,BAE5,-0.86181640625,-0.00024144315
15,A2,0.5212043305,382B,0.52099609375,-0.00020823675
15,A3,0.5316688586,3841,0.53173828125,6.942265e-05
15,B0,-0.7432170710,B9F2,-0.7431640625,5.30085e-05
15,B1,-0.0494352438,AA54,-0.0494384765625,-3.2327625e-06
15,B2,0.0996071870,2E60,0.099609375,2.188e-06
15,B3,-0.4698867421,B785,-0.469970703125,-8.3961025e-05
15,C0,0.7448660822,39F5,0.74462890625,-0.00023717595
16,A0,-0.1537241196,B0EB,-0.153686523438,3.75961625e-05
16,A1,-0.5764035891,B89C,-0.576171875,0.0002317141
16,A2,0.0785921776,2D08,0.07861328125,2.110365e-05
16,A3,0.4598621382,375C,0.4599609375,9.87993e-05
16,B0,-0.5976978732,B8C8,-0.59765625,4.16232e-05
16,B1,-0.3765674174,B606,-0.37646484375,0.00010257365
16,B2,0.9902987133,3BEC,0.990234375,-6.43383e-05
16,B3,0.2997561153,34CC,0.2998046875,4.85722e-05
16,C0,-0.1237998322,AFEC,-0.123779296875,2.0535325e-05
17,A0,0.0351516821,2880,0.03515625,4.5679e-06
17,A1,-0.7579916083,BA10,-0.7578125,0.0001791083
17,A2,-0.5506053259,B868,-0.55078125,-0.0001759241
17,A3,-0.3238288757,B52E,-0.32373046875,9.840695e-05
17,B0,0.1766174369,31A7,0.176635742188,1.83052875e-05
17,B1,-0.5397705348,B851,-0.53955078125,0.00021975355
17,B2,-0.5595652311,B87A,-0.5595703125,-5.0814e-06
17,B3,-0.8580138280,BADD,-0.85791015625,0.00010367175
17,C0,0.2622059145,3432,0.26220703125,1.11674999997e-06
18,A0,-0.5421164324,B856,-0.5419921875,0.0001242449
18,A1,0.8108400260,3A7D,0.81103515625,0.00019513025
18,A2,0.7192708005,39C1,0.71923828125,-3.251925e-05
18,A3,-0.8582853002,BADE,-0.8583984375,-0.0001131373
18,B0,-0.5239907313,B831,-0.52392578125,6.495005e-05
18,B1,0.3379555566,3568,0.337890625,-6.49316e-05
18,B2,-0.5715263853,B892,-0.5712890625,0.0002373228
18,B3,-0.7353763025,B9E2,-0.7353515625,2.474e-05
18,C0,0.8710284812,3AF8,0.87109375,6.52688e-05
19,A0,0.1420861867,308C,0.14208984375,3.65704999999e-06
19,A1,-0.0546579474,AAFF,-0.0546569824219,9.64978124997e-07
19,A2,0.5692388486,388E,0.5693359375,9.70889e-05
19,A3,0.6149939955,38EC,0.615234375,0.0002403795
19,B0,-0.6191801713,B8F4,-0.619140625,3.95463e-05
19,B1,-0.8061383715,BA73,-0.80615234375,-1.397225e-05
19,B2,-0.1378976352,B06A,-0.137939453125,-4.1817925e-05
19,B3,-0.1528427540,B0E4,-0.15283203125,1.072275e-05
19,C0,-0.0659506639,AC39,-0.0659790039062,-2.834000625e-05
20,A0,0.4581516989,3755,0.458251953125,0.000100254225
20,A1,0.3467290946,358C,0.3466796875,-4.94071e-05
20,A2,0.9683304227,3BBF,0.96826171875,-6.870395e-05
20,A3,-0.8031642577,BA6D,-0.80322265625,-5.839855e-05
20,B0,-0.1947574358,B23B,-0.194702148438,5.52873625e-05
20,B1,-0.3213947892,B524,-0.3212890625,0.0001057267
20,B2,0.7233450727,39C9,0.72314453125,-0.00020054145
20,B3,-0.5026873322,B806,-0.5029296875,-0.0002423553
20,C0,-0.6195821831,B8F5,-0.61962890625,-4.672315e-05
21,A0,-0.1027729043,AE94,-0.102783203125,-1.0298825e-05
21,A1,-0.1562367203,B100,-0.15625,-1.32797e-05
21,A2,-0.4429097107,B716,-0.44287109375,3.861695e-05
21,A3,-0.5003871042,B801,-0.50048828125,-0.00010117705
21,B0,0.8465311986,3AC6,0.8466796875,0.0001484889
21,B1,-0.1137385099,AF47,-0.113708496094,3.001380625e-05
21,B2,0.7226982095,39C8,0.72265625,-4.19595e-05
21,B3,0.1006506249,2E71,0.100646972656,-3.65224375e-06
21,C0,-0.8988233410,BB31,-0.89892578125,-0.00010244025
22,A0,0.9985649368,3BFD,0.99853515625,-2.978055e-05
22,A1,0.6720551702,3960,0.671875,-0.0001801702
22,A2,0.9379925146,3B81,0.93798828125,-4.23334999999e-06
22,A3,0.8527339660,3AD2,0.8525390625,-0.0001949035
22,B0,0.6973914688,3994,0.697265625,-0.0001258438
22,B1,-0.6673777788,B957,-0.66748046875,-0.00010268995
22,B2,-0.0287177491,A75A,-0.0287170410156,7.08084374999e-07
22,B3,-0.5725054016,B894,-0.572265625,0.0002397766
22,C0,-0.1979194149,B255,-0.197875976562,4.34383375e-05
23,A0,-0.8827292001,BB10,-0.8828125,-8.32999e-05
23,A1,-0.2420537620,B3BF,-0.242065429688,-1.16676875e-05
23,A2,0.9706176876,3BC4,0.970703125,8.54374e-05
23,A3,-0.4695938837,B783,-0.469482421875,0.000111461825
23,B0,0.5681412039,388C,0.568359375,0.0002181711
23,B1,-0.0899832653,ADC2,-0.0899658203125,1.74449875e-05
23,B2,-0.1539850280,B0ED,-0.153930664062,5.43639375e-05
23,B3,0.9146352817,3B51,0.91455078125,-8.450045e-05
23,C0,0.9908453790,3BED,0.99072265625,-0.00012272275
24,A0,0.1115366468,2F23,0.111511230469,-2.541633125e-05
24,A1,0.4368165506,36FD,0.436767578125,-4.8972475e-05
24,A2,-0.6904063495,B986,-0.6904296875,-2.3338e-05
24,A3,-0.4065843490,B681,-0.406494140625,9.0208375e-05
24,B0,0.9374187299,3B80,0.9375,8.12701e-05
24,B1,0.1583605816,3111,0.158325195312,-3.53862875e-05
24,B2,0.0843904027,2D67,0.0844116210938,2.121839375e-05
24,B3,0.4959511208,37EF,0.495849609375,-0.000101511425
24,C0,-0.8856694542,BB16,-0.8857421875,-7.27333e-05
25,A0,0.1683551889,3163,0.168334960938,-2.02279625e-05
25,A1,0.0057007658,1DD6,0.00569915771484,-1.60808515625e-06
25,A2,0.7054397841,39A5,0.70556640625,0.00012662215
25,A3,-0.6851345441,B97B,-0.68505859375,7.595035e-05
25,B0,0.9215578065,3B5F,0.92138671875,-0.00017108775
25,B1,-0.8397770695,BAB8,-0.83984375,-6.66805e-05
25,B2,-0.6283500780,B907,-0.62841796875,-6.789075e-05
25,B3,0.1900702129,3215,0.190063476562,-6.73633750001e-06
25,C0,0.3504251072,359B,0.350341796875,-8.3310325e-05
26,A0,-0.5295922100,B83D,-0.52978515625,-0.00019294625
26,A1,-0.7602267721,BA15,-0.76025390625,-2.713415e-05
26,A2,0.7805746283,3A3F,0.78076171875,0.00018709045
26,A3,-0.5075693044,B810,-0.5078125,-0.0002431956
26,B0,0.1890383071,320D,0.189086914062,4.86069625e-05
26,B1,0.2387630207,33A4,0.23876953125,6.51055000001e-06
26,B2,-0.1615501693,B12B,-0.161499023438,5.11458625e-05
26,B3,0.1673445786,315B,0.167358398438,1.38198375e-05
26,C0,0.0455654311,29D5,0.0455627441406,-2.686959375e-06
27,A0,0.8694125155,3AF5,0.86962890625,0.00021639075
27,A1,-0.5914816012,B8BB,-0.59130859375,0.00017300745
27,A2,0.4323836016,36EB,0.432373046875,-1.0554725e-05
27,A3,-0.5226280948,B82E,-0.5224609375,0.0001671573
27,B0,-0.2084283064,B2AB,-0.208374023438,5.42829625e-05
27,B1,0.3433804459,357E,0.34326171875,-0.00011872715
27,B2,-0.4000058404,B666,-0.39990234375,0.00010349665
27,B3,-0.3676456075,B5E2,-0.36767578125,-3.017375e-05
27,C0,0.5037289848,3808,0.50390625,0.0001772652
28,A0,-0.8549137710,BAD7,-0.85498046875,-6.669775e-05
28,A1,-0.0834289548,AD57,-0.0834350585938,-6.10379375e-06
28,A2,0.9969088817,3BFA,0.9970703125,0.0001614308
28,A3,0.9921928957,3BF0,0.9921875,-5.39570000002e-06
28,B0,-0.8534785578,BAD4,-0.853515625,-3.70672e-05
28,B1,-0.5736913755,B897,-0.57373046875,-3.909325e-05
28,B2,-0.4695991705,B783,-0.469482421875,0.000116748625
28,B3,0.8665187560,3AEF,0.86669921875,0.00018046275
28,C0,0.7617283474,3A18,0.76171875,-9.59739999995e-06
29,A0,0.7585404850,3A11,0.75830078125,-0.00023970375
29,A1,-0.2609458225,B42D,-0.260986328125,-4.0505625e-05
29,A2,-0.6845063353,B97A,-0.6845703125,-6.39772e-05
29,A3,0.6674899093,3957,0.66748046875,-9.44054999996e-06
29,B0,0.4070798502,3683,0.406982421875,-9.7428325e-05
29,B1,0.2233555315,3326,0.223388671875,3.3140375e-05
29,B2,0.9744661273,3BCC,0.974609375,0.0001432477
29,B3,0.3079526354,34ED,0.307861328125,-9.1307275e-05
29,C0,-0.9843537857,BBE0,-0.984375,-2.12143e-05
30,A0,0.6342082702,3913,0.63427734375,6.907355e-05
30,A1,-0.4012424956,B66B,-0.401123046875,0.000119448725
30,A2,0.3267774299,353A,0.32666015625,-0.00011727365
30,A3,0.8778600079,3B06,0.8779296875,6.96796e-05
30,B0,-0.7314177712,B9DA,-0.7314453125,-2.75413e-05
30,B1,-0.7691426592,BA27,-0.76904296875,9.969045e-05
30,B2,-0.7859280446,BA4A,-0.7861328125,-0.0002047679
30,B3,0.1064472818,2ED0,0.1064453125,-1.9693e-06
30,C0,-0.4553035754,B749,-0.455322265625,-1.8690225e-05
31,A0,0.2096596541,32B6,0.209716796875,5.7142775e-05
31,A1,0.4352243743,36F7,0.435302734375,7.8360075e-05
31,A2,-0.5928053753,B8BE,-0.5927734375,3.19378e-05
31,A3,0.2684759178,344C,0.2685546875,7.87697e-05
31,B0,-0.4720321967,B78D,-0.471923828125,0.000108368575
31,B1,-0.0229362957,A5DF,-0.0229339599609,2.3357390625e-06
31,B2,0.8106729822,3A7C,0.810546875,-0.0001261072
31,B3,0.6922074266,398A,0.6923828125,0.0001753859
31,C0,-0.8154030646,BA86,-0.8154296875,-2.66229e-05
32,A0,-0.1528484549,B0E4,-0.15283203125,1.642365e-05
32,A1,-0.4466395521,B725,-0.446533203125,0.000106348975
32,A2,-0.9929086218,BBF1,-0.99267578125,0.00023284055
32,A3,0.5422384460,3857,0.54248046875,0.00024202275
32,B0,0.2742267546,3463,0.274169921875,-5.6832725e-05
32,B1,-0.4760894751,B79E,-0.47607421875,1.525635e-05
32,B2,0.4824618167,37B8,0.482421875,-3.99417e-05
32,B3,0.1033608423,2E9D,0.103332519531,-2.832276875e-05
32,C0,-0.1446261620,B0A1,-0.144653320312,-2.71583125e-05
33,A0,-0.9806606008,BBD8,-0.98046875,0.0001918508
33,A1,-0.8495122799,BACC,-0.849609375,-9.70951e-05
33,A2,0.7662127866,3A21,0.76611328125,-9.950535e-05
33,A3,0.8078571431,3A76,0.8076171875,-0.0002399556
33,B0,0.0911805784,2DD6,0.0911865234375,5.9450375e-06
33,B1,0.6691900398,395B,0.66943359375,0.00024355395
33,B2,0.1650191330,3148,0.1650390625,1.99295e-05
33,B3,-0.7038124289,B9A1,-0.70361328125,0.00019914765
33,C0,-0.7451089614,B9F6,-0.7451171875,-8.22609999995e-06
34,A0,-0.3834833001,B623,-0.383544921875,-6.1621775e-05
34,A1,0.7979629775,3A62,0.7978515625,-0.000111415
34,A2,0.5922446098,38BD,0.59228515625,4.054645e-05
34,A3,0.7214051640,39C5,0.72119140625,-0.00021375775
34,B0,0.7978492731,3A62,0.7978515625,2.28940000002e-06
34,B1,-0.5798469233,B8A4,-0.580078125,-0.0002312017
34,B2,-0.5009405216,B802,-0.5009765625,-3.60409e-05
34,B3,-0.7944127567,BA5B,-0.79443359375,-2.083705e-05
34,C0,0.5602324837,387B,0.56005859375,-0.00017388995
35,A0,0.7682694029,3A25,0.76806640625,-0.00020299665
35,A1,-0.1872452203,B1FE,-0.187255859375,-1.0639075e-05
35,A2,0.2413230203,33B9,0.241333007812,9.9875125e-06
35,A3,-0.6908933233,B987,-0.69091796875,-2.464545e-05
35,B0,0.8597620314,3AE1,0.85986328125,0.00010124985
35,B1,0.7292113924,39D5,0.72900390625,-0.00020748615
35,B2,0.9524120659,3B9F,0.95263671875,0.00022465285
35,B3,0.6215434399,38F9,0.62158203125,3.859135e-05
35,C0,0.7628324093,3A1A,0.7626953125,-0.0001370968
36,A0,-0.9504272762,BB9A,-0.9501953125,0.0002319637
36,A1,0.4731289435,3792,0.47314453125,1.558775e-05
36,A2,-0.3356290641,B55F,-0.335693359375,-6.4295275e-05
36,A3,0.8616317721,3AE5,0.86181640625,0.00018463415
36,B0,0.6044702779,38D6,0.6044921875,2.19096e-05
36,B1,0.7281280568,39D3,0.72802734375,-0.00010071305
36,B2,0.6214986331,38F9,0.62158203125,8.339815e-05
36,B3,-0.4663885808,B776,-0.46630859375,7.998705e-05
36,C0,0.5747490183,3899,0.57470703125,-4.198705e-05
37,A0,-0.7838087472,BA45,-0.78369140625,0.00011734095
37,A1,0.7443335658,39F4,0.744140625,-0.0001929408
37,A2,0.7171865027,39BD,0.71728515625,9.865355e-05
37,A3,-0.5551325649,B871,-0.55517578125,-4.321635e-05
37,B0,0.6331732112,3911,0.63330078125,0.00012757005
37,B1,-0.0793935306,AD15,-0.0794067382812,-1.320768125e-05
37,B2,-0.3896182653,B63C,-0.3896484375,-3.01722e-05
37,B3,0.5906909983,38BA,0.5908203125,0.0001293142
37,C0,-0.5448090252,B85C,-0.544921875,-0.0001128498
38,A0,-0.9526711306,BB9F,-0.95263671875,3.441185e-05
38,A1,-0.6137404233,B8E9,-0.61376953125,-2.910795e-05
38,A2,-0.3434760976,B57F,-0.343505859375,-2.9761775e-05
38,A3,0.7287058841,39D4,0.728515625,-0.0001902591
38,B0,0.9337782081,3B78,0.93359375,-0.0001844581
38,B1,-0.4417500146,B711,-0.441650390625,9.9623975e-05
38,B2,0.2829634772,3487,0.282958984375,-4.49282499998e-06
38,B3,-0.2006432313,B26C,-0.20068359375,-4.036245e-05
38,C0,0.9622993744,3BB3,0.96240234375,0.00010296935
39,A0,0.0724314650,2CA3,0.0724487304688,1.726546875e-05
39,A1,0.8784742806,3B07,0.87841796875,-5.631185e-05
39,A2,-0.7693164963,BA28,-0.76953125,-0.0002147537
39,A3,0.9408012220,3B87,0.94091796875,0.00011674675
39,B0,-0.6428643677,B925,-0.64306640625,-0.00020203855
39,B1,0.9250686315,3B67,0.92529296875,0.00022433725
39,B2,-0.4690672750,B781,-0.468994140625,7.3134375e-05
39,B3,-0.7831949056,BA44,-0.783203125,-8.21939999995e-06
39,C0,-0.1308724829,B030,-0.130859375,1.31079e-05
40,A0,0.4570901213,3750,0.45703125,-5.88713e-05
40,A1,-0.3726453716,B5F6,-0.37255859375,8.677785e-05
40,A2,0.2124177066,32CC,0.21240234375,-1.536285e-05
40,A3,0.0228461193,25D9,0.0228424072266,-3.7120734375e-06
40,B0,-0.2296091333,B359,-0.229614257812,-5.12451250001e-06
40,B1,0.1531760870,30E7,0.153198242188,2.21551875e-05
40,B2,-0.4905549877,B7D9,-0.490478515625,7.6472075e-05
40,B3,0.4175705677,36AE,0.41748046875,-9.009895e-05
40,C0,-0.9966174436,BBF9,-0.99658203125,3.541235e-05
41,A0,0.8511503310,3ACF,0.85107421875,-7.611225e-05
41,A1,0.0769039942,2CEC,0.076904296875,3.02674999994e-07
41,A2,0.4388599983,3706,0.43896484375,0.00010484545
41,A3,0.4839001557,37BE,0.48388671875,-1.343695e-05
41,B0,0.3412570089,3576,0.34130859375,5.158485e-05
41,B1,-0.2715570564,B458,-0.271484375,7.26814e-05
41,B2,-0.8600523777,BAE1,-0.85986328125,0.00018909645
41,B3,0.3284753698,3541,0.328369140625,-0.000106229175
41,C0,-0.3395999279,B56F,-0.339599609375,3.18524999987e-07
42,A0,-0.3721687099,B5F4,-0.3720703125,9.83974e-05
42,A1,0.6960305590,3991,0.69580078125,-0.00022977775
42,A2,0.4395085260,3708,0.439453125,-5.5401e-05
42,A3,-0.3993554636,B664,-0.3994140625,-5.85989e-05
42,B0,-0.3814306756,B61A,-0.38134765625,8.301935e-05
42,B1,-0.1832141828,B1DD,-0.183227539062,-1.33562625e-05
42,B2,-0.1951992259,B23F,-0.195190429688,8.7962125e-06
42,B3,-0.4086895949,B68A,-0.40869140625,-1.81134999999e-06
42,C0,-0.7454244019,B9F7,-0.74560546875,-0.00018106685
43,A0,-0.1591073325,B117,-0.159057617188,4.97153125e-05
43,A1,0.8807273415,3B0C,0.880859375,0.0001320335
43,A2,0.3546358905,35AD,0.354736328125,0.000100437625
43,A3,0.8056110915,3A72,0.8056640625,5.2971e-05
43,B0,0.2310298319,3365,0.231079101562,4.92696625e-05
43,B1,-0.3981002509,B65F,-0.398193359375,-9.3108475e-05
43,B2,0.0958744263,2E23,0.0958862304688,1.180416875e-05
43,B3,-0.9991881206,BBFE,-0.9990234375,0.0001646831
43,C0,-0.4261725663,B6D2,-0.42626953125,-9.696495e-05
44,A0,-0.1402237000,B07D,-0.140258789062,-3.50890625e-05
44,A1,0.1599695624,311E,0.159912109375,-5.7453025e-05
44,A2,0.3094112474,34F3,0.309326171875,-8.5075525e-05
44,A3,-0.0700236195,AC7B,-0.0700073242188,1.629528125e-05
44,B0,-0.1156804014,AF67,-0.115661621094,1.878030625e-05
44,B1,-0.5725971980,B895,-0.57275390625,-0.00015670825
44,B2,-0.0536276282,AADD,-0.0536193847656,8.243434375e-06
44,B3,0.8023616517,3A6B,0.80224609375,-0.00011555795
44,C0,0.5920495203,38BD,0.59228515625,0.00023563595
45,A0,-0.6606172076,B949,-0.66064453125,-2.732365e-05
45,A1,-0.8304089265,BAA5,-0.83056640625,-0.00015747975
45,A2,0.0309040198,27E9,0.0308990478516,-4.9719484375e-06
45,A3,0.2658817115,3441,0.265869140625,-1.2570875e-05
45,B0,-0.3296234892,B546,-0.32958984375,3.364545e-05
45,B1,0.6368469291,3918,0.63671875,-0.0001281791
45,B2,0.5022762751,3805,0.50244140625,0.00016513115
45,B3,0.3455913411,3588,0.345703125,0.0001117839
45,C0,-0.5507186680,B868,-0.55078125,-6.2582e-05
46,A0,-0.6017401345,B8D0,-0.6015625,0.0001776345
46,A1,-0.9511492245,BB9C,-0.951171875,-2.26505000001e-05
46,A2,-0.5103149118,B815,-0.51025390625,6.100555e-05
46,A3,-0.0497273116,AA5D,-0.0497131347656,1.4176834375e-05
46,B0,0.6994753892,3999,0.69970703125,0.00023164205
46,B1,-0.8543435416,BAD6,-0.8544921875,-0.0001486459
46,B2,-0.1711179780,B17A,-0.171142578125,-2.4600125e-05
46,B3,0.2595307615,3427,0.259521484375,-9.27712499998e-06
46,C0,-0.6111295265,B8E4,-0.611328125,-0.0001985985
47,A0,0.3927085010,3649,0.392822265625,0.000113764625
47,A1,-0.0112456620,A1C2,-0.0112457275391,-6.55390625e-08
47,A2,-0.5120311208,B819,-0.51220703125,-0.00017591045
47,A3,0.3121160222,34FE,0.31201171875,-0.00010430345
47,B0,-0.9889103637,BBE9,-0.98876953125,0.00014083245
47,B1,0.5019289532,3804,0.501953125,2.41718e-05
47,B2,0.5400923771,3852,0.5400390625,-5.33146e-05
47,B3,-0.7868254069,BA4B,-0.78662109375,0.00020431315
47,C0,-0.1497076121,B0CA,-0.149658203125,4.9408975e-05
48,A0,-0.6482266366,B930,-0.6484375,-0.0002108634
48,A1,0.9159320846,3B54,0.916015625,8.35404e-05
48,A2,0.0359155009,2899,0.0359191894531,3.688553125e-06
48,A3,-0.8995632297,BB32,-0.8994140625,0.0001491672
48,B0,-0.5016034407,B803,-0.50146484375,0.00013859695
48,B1,0.6966726947,3993,0.69677734375,0.00010464905
48,B2,-0.0870763491,AD93,-0.0870971679688,-2.081886875e-05
48,B3,0.6028332034,38D3,0.60302734375,0.00019414035
48,C0,0.3351554652,355D,0.335205078125,4.9612925e-05
49,A0,0.9757849061,3BCE,0.9755859375,-0.0001989686
49,A1,0.1909046369,321C,0.19091796875,1.333185e-05
49,A2,0.9000792169,3B33,0.89990234375,-0.00017687315
49,A3,0.7828518516,3A43,0.78271484375,-0.00013700785
49,B0,0.2253046455,3336,0.225341796875,3.7151375e-05
49,B1,0.4385479226,3704,0.4384765625,-7.13601e-05
49,B2,0.0095563296,20E5,0.00955963134766,3.30174765625e-06
49,B3,0.6611383394,394A,0.6611328125,-5.5269e-06
49,C0,0.0957439012,2E21,0.0957641601562,2.025895625e-05
50,A0,0.7944162065,3A5B,0.79443359375,1.738725e-05
50,A1,0.4873108843,37CC,0.4873046875,-6.19680000002e-06
50,A2,-0.0506511264,AA7C,-0.0506591796875,-8.0532875e-06
50,A3,-0.4816169031,B7B5,-0.481689453125,-7.2550025e-05
50,B0,-0.5055205250,B80B,-0.50537109375,0.00014943125
50,B1,0.2753228736,3468,0.275390625,6.77514e-05
50,B2,0.5316273686,3841,0.53173828125,0.00011091265
50,B3,0.0425996257,2974,0.0426025390625,2.9133625e-06
50,C0,0.2534968740,340E,0.25341796875,-7.890525e-05
51,A0,-0.4508051062,B736,-0.45068359375,0.00012151245
51,A1,-0.8450332923,BAC3,-0.84521484375,-0.00018155145
51,A2,-0.4285436983,B6DB,-0.428466796875,7.6901425e-05
51,A3,-0.4565697858,B74E,-0.45654296875,2.681705e-05
51,B0,-0.3605808632,B5C5,-0.360595703125,-1.4839925e-05
51,B1,0.0803044450,2D24,0.080322265625,1.7820625e-05
51,B2,-0.7232518770,B9C9,-0.72314453125,0.00010734575
51,B3,-0.5374770405,B84D,-0.53759765625,-0.00012061575
51,C0,0.3878996246,3635,0.387939453125,3.9828525e-05
52,A0,0.4128382834,369B,0.412841796875,3.51347499999e-06
52,A1,-0.8715422986,BAF9,-0.87158203125,-3.973265e-05
52,A2,-0.1848012607,B1EA,-0.184814453125,-1.3192425e-05
52,A3,0.0852222810,2D74,0.085205078125,-1.7202875e-05
52,B0,-0.1684515318,B164,-0.16845703125,-5.49945e-06
52,B1,-0.5863312210,B8B1,-0.58642578125,-9.456025e-05
52,B2,-0.1597129645,B11C,-0.15966796875,4.499575e-05
52,B3,0.8096769567,3A7A,0.8095703125,-0.0001066442
52,C0,0.1681588284,3162,0.168212890625,5.4062225e-05
53,A0,0.3910459730,3642,0.39111328125,6.730825e-05
53,A1,0.7134640646,39B5,0.71337890625,-8.515835e-05
53,A2,0.5311891522,3840,0.53125,6.08478e-05
53,A3,-0.2392379421,B3A8,-0.2392578125,-1.98704e-05
53,B0,-0.9882078328,BBE8,-0.98828125,-7.34172e-05
53,B1,-0.2964823947,B4BE,-0.29638671875,9.567595e-05
53,B2,0.5069502501,380E,0.5068359375,-0.0001143126
53,B3,0.7068959011,39A8,0.70703125,0.0001353489
53,C0,0.9068606769,3B41,0.90673828125,-0.00012239565
54,A0,-0.1619574347,B12F,-0.161987304688,-2.98699875e-05
54,A1,0.4950313380,37EC,0.4951171875,8.58495e-05
54,A2,0.0922646195,2DE8,0.09228515625,2.053675e-05
54,A3,0.2065051779,329C,0.20654296875,3.779085e-05
54,B0,-0.5589226114,B879,-0.55908203125,-0.00015941985
54,B1,-0.5611567308,B87D,-0.56103515625,0.00012157455
54,B2,-0.1283280479,B01B,-0.128295898438,3.21494625e-05
54,B3,-0.9419503601,BB89,-0.94189453125,5.582885e-05
54,C0,-0.3277409126,B53E,-0.32763671875,0.00010419385
55,A0,0.3582837701,35BC,0.3583984375,0.0001146674
55,A1,-0.1913666617,B220,-0.19140625,-3.95883e-05
55,A2,-0.6699105376,B95C,-0.669921875,-1.13374e-05
55,A3,-0.0652197015,AC2D,-0.0652465820312,-2.688053125e-05
55,B0,-0.7447444054,B9F5,-0.74462890625,0.00011549915
55,B1,0.2445139219,33D3,0.244506835938,-7.08596249999e-06
55,B2,-0.9460670962,BB92,-0.9462890625,-0.0002219663
55,B3,-0.2119594873,B2C8,-0.2119140625,4.54248e-05
55,C0,0.1287839660,301F,0.128784179688,2.136875e-07
56,A0,-0.9457959073,BB91,-0.94580078125,-4.87395000004e-06
56,A1,0.2854992960,3491,0.285400390625,-9.8905375e-05
56,A2,-0.7286010255,B9D4,-0.728515625,8.54005000001e-05
56,A3,-0.0766031119,ACE7,-0.0765991210938,3.99080625001e-06
56,B0,-0.8994307330,BB32,-0.8994140625,1.66705e-05
56,B1,-0.2417922716,B3BD,-0.241821289062,-2.90174625e-05
56,B2,-0.5766794316,B89D,-0.57666015625,1.927535e-05
56,B3,-0.3463083902,B58A,-0.34619140625,0.00011698395
56,C0,0.5224594158,382E,0.5224609375,1.52170000001e-06
57,A0,-0.2417475689,B3BC,-0.24169921875,4.835015e-05
57,A1,0.5040196471,3808,0.50390625,-0.0001133971
57,A2,0.6638485703,3950,0.6640625,0.0002139297
57,A3,-0.4954569364,B7ED,-0.495361328125,9.5608275e-05
57,B0,-0.8361875345,BAB1,-0.83642578125,-0.00023824675
57,B1,-0.9612334259,BBB1,-0.96142578125,-0.00019235535
57,B2,0.0788380958,2D0C,0.078857421875,1.9326075e-05
57,B3,0.9998156570,3C00,1,0.000184343
57,C0,-0.3000793126,B4CD,-0.300048828125,3.0484475e-05
58,A0,0.3002881865,34CE,0.30029296875,4.78225e-06
58,A1,0.5624660992,3880,0.5625,3.39008e-05
58,A2,0.3035093105,34DB,0.303466796875,-4.2513625e-05
58,A3,0.5084664081,3811,0.50830078125,-0.00016562685
58,B0,0.8992234654,3B32,0.8994140625,0.0001905971
58,B1,-0.6012786353,B8CF,-0.60107421875,0.00020441655
58,B2,-0.9592399654,BBAD,-0.95947265625,-0.00023269085
58,B3,-0.6952353084,B990,-0.6953125,-7.71916e-05
58,C0,-0.7475580503,B9FB,-0.74755859375,-5.43450000001e-07
59,A0,0.3389176892,356C,0.3388671875,-5.05017e-05
59,A1,0.1279391639,3018,0.1279296875,-9.47640000001e-06
59,A2,-0.5640709182,B883,-0.56396484375,0.00010607445
59,A3,0.3989299425,3662,0.39892578125,-4.16125000002e-06
59,B0,0.5337961967,3845,0.53369140625,-0.00010479045
59,B1,-0.6644217133,B951,-0.66455078125,-0.00012906795
59,B2,0.2144949878,32DD,0.214477539062,-1.74487375e-05
59,B3,0.4958513039,37EF,0.495849609375,-1.69452499998e-06
59,C0,-0.7709342572,BA2B,-0.77099609375,-6.183655e-05
60,A0,0.6386023486,391C,0.638671875,6.95264e-05
60,A1,0.9294415461,3B6F,0.92919921875,-0.00024232735
60,A2,-0.7838025007,BA45,-0.78369140625,0.00011109445
60,A3,-0.9486431490,BB97,-0.94873046875,-8.731975e-05
60,B0,-0.3760855112,B604,-0.3759765625,0.0001089487
60,B1,0.3546945737,35AD,0.354736328125,4.1754425e-05
60,B2,0.9163456764,3B55,0.91650390625,0.00015822985
60,B3,-0.2066911170,B29D,-0.206665039062,2.60779375e-05
60,C0,0.4300294101,36E1,0.429931640625,-9.7769475e-05
61,A0,-0.8480070443,BAC9,-0.84814453125,-0.00013748695
61,A1,0.3812288319,361A,0.38134765625,0.00011882435
61,A2,0.2544847912,3412,0.25439453125,-9.025995e-05
61,A3,-0.7961973891,BA5F,-0.79638671875,-0.00018932965
61,B0,0.5449617699,385C,0.544921875,-3.98949e-05
61,B1,0.7005864782,399B,0.70068359375,9.711555e-05
61,B2,0.2008232296,326D,0.200805664062,-1.75655375e-05
61,B3,-0.7578898699,BA10,-0.7578125,7.73699e-05
61,C0,0.9676887030,3BBE,0.9677734375,8.47345e-05
62,A0,0.5652706927,3886,0.5654296875,0.0001589948
62,A1,-0.3055924694,B4E4,-0.3056640625,-7.15931e-05
62,A2,-0.1432439735,B095,-0.143188476562,5.54969375e-05
62,A3,-0.2588582476,B424,-0.2587890625,6.91851e-05
62,B0,0.0119215794,221B,0.0119247436523,3.16425234375e-06
62,B1,-0.3175376503,B515,-0.317626953125,-8.9302825e-05
62,B2,0.6991512540,3998,0.69921875,6.7496e-05
62,B3,0.6446618362,3928,0.64453125,-0.0001305862
62,C0,-0.7889222587,BA50,-0.7890625,-0.0001402413
63,A0,0.9215751344,3B5F,0.92138671875,-0.00018841565
63,A1,0.2711702122,3457,0.271240234375,7.0022175e-05
63,A2,0.6574146220,3942,0.6572265625,-0.0001880595
63,A3,0.4146172874,36A2,0.41455078125,-6.650615e-05
63,B0,-0.1290257100,B021,-0.129028320312,-2.61031250001e-06
63,B1,0.4675906080,377B,0.467529296875,-6.1311125e-05
63,B2,0.9309474625,3B73,0.93115234375,0.00020488125
63,B3,-0.4598352072,B75B,-0.459716796875,0.000118410325
63,C0,0.6163984376,38EE,0.6162109375,-0.0001875001
64,A0,0.0763458129,2CE3,0.0763549804688,9.16756875e-06
64,A1,-0.0330049922,A83A,-0.0330200195312,-1.502733125e-05
64,A2,-0.1288510140,B020,-0.12890625,-5.5236e-05
64,A3,0.4620524286,3765,0.462158203125,0.000105774525
64,B0,-0.4632089239,B769,-0.463134765625,7.4158275e-05
64,B1,0.7034263200,39A1,0.70361328125,0.00018696125
64,B2,0.6614620378,394B,0.66162109375,0.00015905595
64,B3,-0.8266742039,BA9D,-0.82666015625,1.404765e-05
64,C0,0.7632623680,3A1B,0.76318359375,-7.877425e-05
65,A0,-0.5122731216,B819,-0.51220703125,6.609035e-05
65,A1,-0.0705830668,AC84,-0.070556640625,2.6426175e-05
65,A2,0.2206634085,3310,0.220703125,3.97165e-05
65,A3,-0.2420213917,B3BF,-0.242065429688,-4.40379875e-05
65,B0,-0.9426000045,BB8A,-0.9423828125,0.000217192
65,B1,0.7019056726,399E,0.7021484375,0.0002427649
65,B2,-0.6363202857,B917,-0.63623046875,8.981695e-05
65,B3,-0.5757602996,B89B,-0.57568359375,7.670585e-05
65,C0,0.5956647137,38C4,0.595703125,3.84113e-05
66,A0,-0.3193223137,B51C,-0.3193359375,-1.36238e-05
66,A1,0.7606399595,3A16,0.7607421875,0.000102228
66,A2,0.4023675007,3670,0.40234375,-2.37507e-05
66,A3,-0.4474628485,B729,-0.447509765625,-4.6917125e-05
66,B0,-0.9796977711,BBD6,-0.9794921875,0.0002055836
66,B1,0.8961251556,3B2B,0.89599609375,-0.00012906185
66,B2,-0.8287740761,BAA1,-0.82861328125,0.00016079485
66,B3,0.4401493282,370B,0.440185546875,3.6218675e-05
66,C0,-0.0228443063,A5D9,-0.0228424072266,1.8990734375e-06
67,A0,0.5163293070,3821,0.51611328125,-0.00021602575
67,A1,0.3812186789,3619,0.381103515625,-0.000115163275
67,A2,0.2918057995,34AB,0.291748046875,-5.7752625e-05
67,A3,-0.0183573298,A4B3,-0.0183563232422,1.0065578125e-06
67,B0,0.5858657363,38B0,0.5859375,7.17636999999e-05
67,B1,-0.8138932989,BA83,-0.81396484375,-7.154485e-05
67,B2,-0.5568071991,B874,-0.556640625,0.0001665741
67,B3,0.3835743106,3623,0.383544921875,-2.9388725e-05
67,C0,-0.3875879397,B634,-0.3876953125,-0.0001073728
68,A0,0.1631111707,3138,0.1630859375,-2.52332e-05
68,A1,-0.0534790225,AAD8,-0.053466796875,1.2225625e-05
68,A2,0.0618438623,2BEA,0.0618286132812,-1.524901875e-05
68,A3,-0.1489923746,B0C5,-0.149047851562,-5.54769625e-05
68,B0,0.4918708734,37DF,0.491943359375,7.2485975e-05
68,B1,-0.3384174056,B56A,-0.33837890625,3.849935e-05
68,B2,0.4057098844,367E,0.40576171875,5.183435e-05
68,B3,-0.4581671460,B755,-0.458251953125,-8.4807125e-05
68,C0,-0.4971926476,B7F5,-0.497314453125,-0.000121805525
69,A0,-0.7586882305,BA12,-0.7587890625,-0.000100832
69,A1,-0.6148314131,B8EB,-0.61474609375,8.531935e-05
69,A2,-0.7608905175,BA16,-0.7607421875,0.00014833
69,A3,0.0717279308,2C97,0.0717163085938,-1.162220625e-05
69,B0,0.5243792190,3832,0.5244140625,3.48435e-05
69,B1,-0.6297003151,B90A,-0.6298828125,-0.0001824974
69,B2,-0.5672307202,B88A,-0.5673828125,-0.0001520923
69,B3,-0.0316028256,A80C,-0.0316162109375,-1.33853375e-05
69,C0,0.4491700022,3730,0.44921875,4.87478e-05
70,A0,0.9532140458,3BA0,0.953125,-8.90458e-05
70,A1,0.0492737382,2A4F,0.0492858886719,1.2150471875e-05
70,A2,-0.4340025935,B6F2,-0.43408203125,-7.943775e-05
70,A3,-0.7989477838,BA64,-0.798828125,0.0001196588
70,B0,-0.6117648438,B8E5,-0.61181640625,-5.156245e-05
70,B1,-0.5450336730,B85C,-0.544921875,0.000111798
70,B2,-0.6411169126,B921,-0.64111328125,3.63135000003e-06
70,B3,-0.9717032655,BBC6,-0.9716796875,2.3578e-05
70,C0,0.0682701785,2C5F,0.0682983398438,2.816134375e-05
71,A0,-0.4513773464,B739,-0.451416015625,-3.8669225e-05
71,A1,0.9485898622,3B97,0.94873046875,0.00014060655
71,A2,0.1067179336,2ED4,0.106689453125,-2.8480475e-05
71,A3,0.3948347858,3651,0.394775390625,-5.9395175e-05
71,B0,-0.7474410141,B9FB,-0.74755859375,-0.00011757965
71,B1,0.7369223945,39E5,0.73681640625,-0.00010598825
71,B2,-0.0182426110,A4AC,-0.0182495117188,-6.90071875e-06
71,B3,0.7454394700,39F7,0.74560546875,0.00016599875
71,C0,0.1481284393,30BD,0.148071289062,-5.71502375e-05
72,A0,-0.0612061101,ABD6,-0.0612182617188,-1.215161875e-05
72,A1,-0.1190624037,AF9F,-0.119079589844,-1.718614375e-05
72,A2,-0.6312726592,B90D,-0.63134765625,-7.499705e-05
72,A3,-0.8972465656,BB2E,-0.8974609375,-0.0002143719
72,B0,0.8821271935,3B0F,0.88232421875,0.00019702525
72,B1,-0.0445416255,A9B4,-0.0445556640625,-1.40385625e-05
72,B2,0.6442312906,3927,0.64404296875,-0.00018832185
72,B3,-0.1985851155,B25B,-0.198608398438,-2.32829375e-05
72,C0,-0.8518356595,BAD1,-0.85205078125,-0.00021512175
73,A0,0.2588914139,3424,0.2587890625,-0.0001023514
73,A1,-0.8927818514,BB24,-0.892578125,0.0002037264
73,A2,-0.7016048311,B99D,-0.70166015625,-5.532515e-05
73,A3,0.1256791942,3006,0.125732421875,5.3227675e-05
73,B0,-0.3923289763,B647,-0.392333984375,-5.00807499998e-06
73,B1,0.9878362454,3BE7,0.98779296875,-4.327665e-05
73,B2,-0.7630968756,BA1B,-0.76318359375,-8.67181500001e-05
73,B3,0.5288868907,383B,0.52880859375,-7.82969499999e-05
73,C0,0.2126353025,32CE,0.212646484375,1.1181875e-05
74,A0,0.5814816597,38A7,0.58154296875,6.130905e-05
74,A1,-0.5486257259,B864,-0.548828125,-0.0002023991
74,A2,0.0451450703,29C7,0.0451354980469,-9.572253125e-06
74,A3,-0.0989710702,AE56,-0.0989990234375,-2.79532375e-05
74,B0,-0.1145579920,AF55,-0.114562988281,-4.99628125e-06
74,B1,0.7203333317,39C3,0.72021484375,-0.00011848795
74,B2,0.9800625209,3BD7,0.97998046875,-8.205215e-05
74,B3,-0.3892395114,B63A,-0.38916015625,7.935515e-05
74,C0,0.2420546421,33BF,0.242065429688,1.07875875e-05
75,A0,0.2192618245,3304,0.21923828125,-2.354325e-05
75,A1,0.4801786110,37AF,0.480224609375,4.5998375e-05
75,A2,0.8951804007,3B29,0.89501953125,-0.00016086945
75,A3,-0.5844241884,B8AD,-0.58447265625,-4.846785e-05
75,B0,-0.5779496094,B8A0,-0.578125,-0.0001753906
75,B1,0.3208562744,3522,0.32080078125,-5.549315e-05
75,B2,-0.6858858132,B97D,-0.68603515625,-0.00014934305
75,B3,-0.6523729033,B938,-0.65234375,2.91533e-05
75,C0,-0.8498702622,BACD,-0.85009765625,-0.00022739405
76,A0,-0.9946485548,BBF5,-0.99462890625,1.964855e-05
76,A1,-0.0989925908,AE56,-0.0989990234375,-6.4326375e-06
76,A2,0.1876223902,3201,0.187622070312,-3.19887499989e-07
76,A3,-0.4174814219,B6AE,-0.41748046875,9.53149999983e-07
76,B0,-0.5370475309,B84C,-0.537109375,-6.18441e-05
76,B1,0.4139116598,369F,0.413818359375,-9.3300425e-05
76,B2,0.4059751162,367F,0.406005859375,3.0743175e-05
76,B3,-0.0919373472,ADE2,-0.0919189453125,1.84018875e-05
76,C0,0.3747698401,35FF,0.374755859375,-1.3980725e-05
77,A0,0.8478220890,3AC8,0.84765625,-0.000165839
77,A1,0.5756560533,389B,0.57568359375,2.754045e-05
77,A2,0.2501160143,3400,0.25,-0.0001160143
77,A3,0.3223660857,3528,0.322265625,-0.0001004607
77,B0,0.8673369169,3AF0,0.8671875,-0.0001494169
77,B1,-0.1497220678,B0CB,-0.149780273438,-5.82056375e-05
77,B2,0.0891247574,2DB4,0.089111328125,-1.3429275e-05
77,B3,0.2952694468,34B9,0.295166015625,-0.000103431175
77,C0,0.8168228904,3A89,0.81689453125,7.164085e-05
78,A0,0.6532623193,393A,0.6533203125,5.79932e-05
78,A1,-0.8571803263,BADC,-0.857421875,-0.0002415487
78,A2,-0.6681544216,B958,-0.66796875,0.0001856716
78,A3,-0.3847763748,B628,-0.384765625,1.07498e-05
78,B0,0.4979154441,37F7,0.497802734375,-0.000112709725
78,B1,0.1384140986,306E,0.138427734375,1.3635775e-05
78,B2,-0.4227788234,B6C4,-0.4228515625,-7.27391e-05
78,B3,-0.7512926837,BA03,-0.75146484375,-0.00017216005
78,C0,0.3773559824,360A,0.37744140625,8.542385e-05
79,A0,0.3994673700,3664,0.3994140625,-5.33075e-05
79,A1,0.8853524815,3B15,0.88525390625,-9.857525e-05
79,A2,0.0009443542,13BC,0.000944137573242,-2.16626757812e-07
79,A3,-0.0124095613,A25B,-0.0124130249023,-3.46360234375e-06
79,B0,-0.8391162962,BAB7,-0.83935546875,-0.00023917255
79,B1,-0.9202784316,BB5D,-0.92041015625,-0.00013172465
79,B2,-0.1359426717,B05A,-0.135986328125,-4.3656425e-05
79,B3,-0.3553568333,B5B0,-0.35546875,-0.0001119167
79,C0,-0.4992641952,B7FD,-0.499267578125,-3.38292500002e-06
80,A0,-0.8173462267,BA8A,-0.8173828125,-3.65858e-05
80,A1,0.9238222044,3B64,0.923828125,5.92060000004e-06
80,A2,0.6719172278,3960,0.671875,-4.22278e-05
80,A3,0.1503982184,30D0,0.150390625,-7.59340000001e-06
80,B0,0.9015725556,3B36,0.9013671875,-0.0002053681
80,B1,0.9991448338,3BFE,0.9990234375,-0.0001213963
80,B2,0.3445631686,3583,0.344482421875,-8.0746725e-05
80,B3,-0.4609779481,B760,-0.4609375,4.04481e-05
80,C0,-0.9195366537,BB5B,-0.91943359375,0.00010305995
81,A0,0.5125376608,381A,0.5126953125,0.0001576517
81,A1,-0.0589983535,AB8D,-0.0589904785156,7.874984375e-06
81,A2,0.3030189789,34D9,0.302978515625,-4.0463275e-05
81,A3,0.8321455759,3AA8,0.83203125,-0.0001143259
81,B0,-0.6370217056,B919,-0.63720703125,-0.00018532565
81,B1,0.1706592506,3176,0.170654296875,-4.95372500001e-06
81,B2,0.2695694389,3450,0.26953125,-3.81889e-05
81,B3,-0.0165483956,A43D,-0.0165557861328,-7.3905328125e-06
81,C0,-0.8175151874,BA8A,-0.8173828125,0.0001323749
82,A0,-0.3040778874,B4DE,-0.30419921875,-0.00012133135
82,A1,-0.3333832127,B556,-0.33349609375,-0.00011288105
82,A2,0.3402670190,3572,0.34033203125,6.501225e-05
82,A3,0.7154661888,39B9,0.71533203125,-0.00013415755
82,B0,-0.3403926728,B572,-0.34033203125,6.064155e-05
82,B1,0.3873473480,3633,0.387451171875,0.000103823875
82,B2,-0.4235644093,B6C7,-0.423583984375,-1.9575075e-05
82,B3,0.8903870791,3B20,0.890625,0.0002379209
82,C0,0.6271320695,3904,0.626953125,-0.0001789445
83,A0,0.1001932179,2E6A,0.100219726562,2.65086625e-05
83,A1,-0.0903481828,ADC8,-0.09033203125,1.615155e-05
83,A2,-0.3709656857,B5EF,-0.370849609375,0.000116076325
83,A3,-0.3534524274,B5A8,-0.353515625,-6.31976e-05
83,B0,0.9403694536,3B86,0.9404296875,6.02339e-05
83,B1,-0.1916498860,B222,-0.191650390625,-5.04625000008e-07
83,B2,0.0291925047,2779,0.0291900634766,-2.4412234375e-06
83,B3,0.9762384296,3BCF,0.97607421875,-0.00016421085
83,C0,0.3153207730,350C,0.3154296875,0.0001089145
84,A0,0.0851871887,2D74,0.085205078125,1.7889425e-05
84,A1,-0.1735048584,B18D,-0.173461914062,4.29443375e-05
84,A2,-0.6248349172,B900,-0.625,-0.0001650828
84,A3,-0.2764412817,B46C,-0.2763671875,7.40942e-05
84,B0,0.5128863081,381A,0.5126953125,-0.0001909956
84,B1,0.2508174843,3403,0.250732421875,-8.5062425e-05
84,B2,0.5199810721,3829,0.52001953125,3.845915e-05
84,B3,-0.5928835233,B8BE,-0.5927734375,0.0001100858
84,C0,0.0984392782,2E4D,0.0984497070312,1.042883125e-05
85,A0,0.8553455217,3AD8,0.85546875,0.0001232283
85,A1,-0.1237678099,AFEC,-0.123779296875,-1.1486975e-05
85,A2,0.3965000582,3658,0.396484375,-1.56832e-05
85,A3,-0.7571478333,BA0F,-0.75732421875,-0.00017638545
85,B0,0.9462936316,3B92,0.9462890625,-4.56910000002e-06
85,B1,0.2177433342,32F8,0.2177734375,3.01033e-05
85,B2,-0.5214050753,B82C,-0.521484375,-7.92997e-05
85,B3,-0.6832436724,B977,-0.68310546875,0.00013820365
85,C0,0.1016780140,2E82,0.101684570312,6.5563125e-06
86,A0,0.1045028181,2EB0,0.1044921875,-1.06306e-05
86,A1,-0.8135815974,BA82,-0.8134765625,0.0001050349
86,A2,0.9845142788,3BE0,0.984375,-0.0001392788
86,A3,0.8258597570,3A9B,0.82568359375,-0.00017616325
86,B0,-0.0771042116,ACEF,-0.0770874023438,1.680925625e-05
86,B1,-0.7650677018,BA1F,-0.76513671875,-6.90169499999e-05
86,B2,0.6642863475,3950,0.6640625,-0.0002238475
86,B3,-0.0032489906,9AA7,-0.00324821472168,7.75878320312e-07
86,C0,0.4332066520,36EE,0.43310546875,-0.00010118325
87,A0,0.0177440301,248B,0.0177459716797,1.9415796875e-06
87,A1,-0.4531502066,B740,-0.453125,2.52066e-05
87,A2,0.6694478912,395B,0.66943359375,-1.429745e-05
87,A3,0.9604892652,3BAF,0.96044921875,-4.004645e-05
87,B0,-0.5125381878,B81A,-0.5126953125,-0.0001571247
87,B1,0.1025301538,2E90,0.1025390625,8.9087e-06
87,B2,-0.2328279735,B373,-0.232788085938,3.98875625e-05
87,B3,0.8437362999,3AC0,0.84375,1.37001e-05
87,C0,0.0164817832,2438,0.0164794921875,-2.2910125e-06
88,A0,0.7586525103,3A12,0.7587890625,0.0001365522
88,A1,0.7280538689,39D3,0.72802734375,-2.652515e-05
88,A2,-0.4475051944,B729,-0.447509765625,-4.57122500003e-06
88,A3,0.5800123640,38A4,0.580078125,6.5761e-05
88,B0,-0.1701151529,B172,-0.170166015625,-5.0862725e-05
88,B1,0.8684967874,3AF3,0.86865234375,0.00015555635
88,B2,0.0154753516,23EC,0.0154724121094,-2.939490625e-06
88,B3,0.6410989464,3921,0.64111328125,1.433485e-05
88,C0,-0.4343220334,B6F3,-0.434326171875,-4.13847500003e-06
89,A0,-0.4028883005,B672,-0.40283203125,5.626925e-05
89,A1,0.1738754448,3190,0.173828125,-4.73198e-05
89,A2,0.9978046665,3BFC,0.998046875,0.0002422085
89,A3,-0.0207193067,A54E,-0.0207214355469,-2.128846875e-06
89,B0,-0.7028091632,B99F,-0.70263671875,0.00017244445
89,B1,0.0771611554,2CF0,0.0771484375,-1.27179e-05
89,B2,-0.3097521166,B4F5,-0.309814453125,-6.2336525e-05
89,B3,0.1038348341,2EA5,0.103820800781,-1.403331875e-05
89,C0,0.0868601259,2D8F,0.0868530273438,-7.09855625e-06
90,A0,-0.0893107663,ADB7,-0.0892944335938,1.633270625e-05
90,A1,-0.3564452995,B5B4,-0.3564453125,-1.30000000209e-08
90,A2,-0.6226952526,B8FB,-0.62255859375,0.00013665885
90,A3,0.3949968552,3652,0.39501953125,2.267605e-05
90,B0,0.1435952840,3098,0.1435546875,-4.05965e-05
90,B1,-0.5328751079,B843,-0.53271484375,0.00016026415
90,B2,0.5510889502,3869,0.55126953125,0.00018058105
90,B3,-0.9127054018,BB4D,-0.91259765625,0.00010774555
90,C0,0.4894103031,37D5,0.489501953125,9.1650025e-05
91,A0,0.4104557621,3691,0.410400390625,-5.5371475e-05
91,A1,0.6228178051,38FC,0.623046875,0.0002290699
91,A2,-0.2278424950,B34A,-0.227783203125,5.9291875e-05
91,A3,0.3273776590,353D,0.327392578125,1.4919125e-05
91,B0,0.6414951034,3922,0.6416015625,0.0001064591
91,B1,0.9616362773,3BB1,0.96142578125,-0.00021049605
91,B2,-0.0093427008,A0C9,-0.00934600830078,-3.30750078125e-06
91,B3,-0.9259607773,BB68,-0.92578125,0.0001795273
91,C0,0.0045823003,1CB1,0.00458145141602,-8.48883984375e-07
92,A0,0.1803608586,31C6,0.180419921875,5.9063275e-05
92,A1,0.7394006267,39EA,0.7392578125,-0.0001428142
92,A2,0.7483807481,39FD,0.74853515625,0.00015440815
92,A3,-0.1193875805,AFA4,-0.119384765625,2.81487500001e-06
92,B0,0.0519021736,2AA5,0.0519104003906,8.226790625e-06
92,B1,-0.0861438511,AD83,-0.0861206054688,2.324563125e-05
92,B2,0.4448876551,371E,0.44482421875,-6.343635e-05
92,B3,-0.1800427605,B1C3,-0.180053710938,-1.09504375e-05
92,C0,0.3095626529,34F4,0.3095703125,7.65959999999e-06
93,A0,-0.6912775625,B988,-0.69140625,-0.0001286875
93,A1,-0.0610187980,ABCF,-0.0610046386719,1.4159328125e-05
93,A2,0.9384072611,3B82,0.9384765625,6.93014000001e-05
93,A3,-0.3228775319,B52B,-0.322998046875,-0.000120514975
93,B0,0.3854091972,362B,0.385498046875,8.8849675e-05
93,B1,0.2996733052,34CB,0.299560546875,-0.000112758325
93,B2,0.7035305847,39A1,0.70361328125,8.269655e-05
93,B3,0.7046826731,39A3,0.70458984375,-9.282935e-05
93,C0,0.7186843683,39C0,0.71875,6.56317e-05
94,A0,-0.2399812050,B3AE,-0.239990234375,-9.029375e-06
94,A1,-0.3666776921,B5DE,-0.36669921875,-2.152665e-05
94,A2,0.4374348504,3700,0.4375,6.51496e-05
94,A3,0.5188036187,3827,0.51904296875,0.00023935005
94,B0,0.7447660348,39F5,0.74462890625,-0.00013712855
94,B1,-0.9282018003,BB6D,-0.92822265625,-2.085595e-05
94,B2,-0.8631585056,BAE8,-0.86328125,-0.0001227444
94,B3,0.2623220337,3432,0.26220703125,-0.00011500245
94,C0,0.8418581976,3ABC,0.841796875,-6.13226e-05
95,A0,0.9948518459,3BF5,0.99462890625,-0.00022293965
95,A1,0.4935327335,37E6,0.49365234375,0.00011961025
95,A2,-0.1320570562,B03A,-0.132080078125,-2.3021925e-05
95,A3,-0.8031137472,BA6D,-0.80322265625,-0.00010890905
95,B0,0.2674956576,3448,0.267578125,8.24674e-05
95,B1,0.7451584652,39F6,0.7451171875,-4.12777e-05
95,B2,-0.1126428967,AF36,-0.112670898438,-2.80017375e-05
95,B3,0.3880023256,3635,0.387939453125,-6.2872475e-05
95,C0,0.8068481241,3A74,0.806640625,-0.0002074991
96,A0,-0.9080180626,BB44,-0.908203125,-0.0001850624
96,A1,0.5922869303,38BD,0.59228515625,-1.77405000001e-06
96,A2,-0.4132644481,B69D,-0.413330078125,-6.5630025e-05
96,A3,-0.2503178204,B401,-0.250244140625,7.3679775e-05
96,B0,-0.7088604086,B9AC,-0.708984375,-0.0001239664
96,B1,0.0623326363,2BFB,0.0623474121094,1.4775809375e-05
96,B2,0.1318561238,3038,0.1318359375,-2.01863e-05
96,B3,0.5850389478,38AE,0.5849609375,-7.80103e-05
96,C0,-0.6600327019,B948,-0.66015625,-0.0001235481
97,A0,-0.8420632987,BABD,-0.84228515625,-0.00022185755
97,A1,0.7416791973,39EF,0.74169921875,2.002145e-05
97,A2,0.2394207371,33A9,0.239379882812,-4.08542875e-05
97,A3,-0.5183404163,B826,-0.5185546875,-0.0002142712
97,B0,0.8256580320,3A9B,0.82568359375,2.556175e-05
97,B1,-0.7137645597,B9B6,-0.7138671875,-0.0001026278
97,B2,-0.0777001733,ACF9,-0.0776977539062,2.41939374999e-06
97,B3,-0.4920453212,B7DF,-0.491943359375,0.000101961825
97,C0,-0.4893465837,B7D4,-0.4892578125,8.87712e-05
98,A0,-0.9812051371,BBDA,-0.9814453125,-0.0002401754
98,A1,0.6092661540,38E0,0.609375,0.000108846
98,A2,0.8024188472,3A6B,0.80224609375,-0.00017275345
98,A3,0.3552217714,35AF,0.355224609375,2.837975e-06
98,B0,-0.6840487559,B979,-0.68408203125,-3.327535e-05
98,B1,-0.1165404328,AF75,-0.116516113281,2.431951875e-05
98,B2,-0.3088687511,B4F1,-0.308837890625,3.0860475e-05
98,B3,0.1751434103,319B,0.175170898438,2.74881375e-05
98,C0,0.2778774047,3472,0.27783203125,-4.537345e-05
99,A0,-0.1513821231,B0D8,-0.1513671875,1.49356e-05
99,A1,-0.4998035512,B7FF,-0.499755859375,4.7691825e-05
99,A2,0.6906078503,3986,0.6904296875,-0.0001781628
99,A3,-0.6015660018,B8D0,-0.6015625,3.50179999997e-06
99,B0,-0.2306135021,B361,-0.230590820312,2.26817875e-05
99,B1,-0.0335838779,A84C,-0.0335693359375,1.45419625e-05
99,B2,-0.5255885961,B834,-0.525390625,0.0001979711
99,B3,0.1438453847,309A,0.143798828125,-4.6556575e-05
99,C0,0.1496238604,30CA,0.149658203125,3.4342725e-05
