vector_id,label,original,fp8_hex,decoded_fp8,quantization_error
0,A0,0.2788535969,29,0.28125,0.00239640308423
0,A1,-0.9499784896,B7,-0.9375,0.0124784895547
0,A2,-0.4499413633,AE,-0.4375,0.0124413632618
0,A3,-0.5535785237,B1,-0.5625,-0.00892147629765
0,B0,0.4729424283,2F,0.46875,-0.00419242832802
0,B1,0.3533989748,2B,0.34375,-0.00964897484582
0,B2,0.7843591354,35,0.8125,0.0281408645903
0,B3,-0.8261223347,B5,-0.8125,0.0136223347412
0,C0,-0.1561563606,A2,-0.15625,-9.36393705409e-05
1,A0,-0.9404055611,B7,-0.9375,0.00290556112386
1,A1,-0.5627240504,B1,-0.5625,0.000224050392793
1,A2,0.0107105762,05,0.009765625,-0.000944951206725
1,A3,-0.9469280606,B7,-0.9375,0.00942806063227
1,B0,-0.6023246986,B2,-0.625,-0.0226753013733
1,B1,0.2997688756,2A,0.3125,0.012731124441
1,B2,0.0898829612,1C,0.09375,0.00386703879357
1,B3,-0.5591187559,B1,-0.5625,-0.00338124408139
1,C0,0.1785313678,23,0.171875,-0.00665636775182
2,A0,0.6188609134,32,0.625,0.00613908664435
2,A1,-0.9870024806,B8,-1,-0.0129975193561
2,A2,0.6116385037,32,0.625,0.0133614963344
2,A3,0.3962787900,2D,0.40625,0.00997121002355
2,B0,-0.3194989670,AA,-0.3125,0.00699896696402
2,B1,-0.6890410004,B3,-0.6875,0.00154100037644
2,B2,0.9144261444,37,0.9375,0.0230738555864
2,B3,-0.3268109098,AA,-0.3125,0.0143109097747
2,C0,-0.8145083132,B5,-0.8125,0.0020083132397
3,A0,-0.8065672463,B5,-0.8125,-0.00593275366693
3,A1,0.6949887327,33,0.6875,-0.00748873269492
3,A2,0.2074520627,25,0.203125,-0.00432706273378
3,A3,0.6142565465,32,0.625,0.0107434534512
3,B0,0.4594635734,2F,0.46875,0.00928642661236
3,B1,0.0724561829,19,0.0703125,-0.0021436829094
3,B2,0.9462315280,37,0.9375,-0.00873152795874
3,B3,-0.2429312456,A8,-0.25,-0.00706875441671
3,C0,0.1040812625,1D,0.1015625,-0.00251876254645
4,A0,0.6588093285,33,0.6875,0.028690671494
4,A1,0.2370395047,27,0.234375,-0.00266450472849
4,A2,0.7234138006,34,0.75,0.0265861993784
4,A3,0.1547042905,22,0.15625,0.00154570948648
4,B0,0.4091436724,2D,0.40625,-0.00289367242985
4,B1,-0.9083512327,B7,-0.9375,-0.0291487673113
4,B2,-0.5442034487,B1,-0.5625,-0.0182965513031
4,B3,-0.4212240728,AD,-0.40625,0.0149740727958
4,C0,-0.8404160462,B5,-0.8125,0.0279160461527
5,A0,-0.5344182273,B1,-0.5625,-0.0280817727221
5,A1,-0.7979971412,B5,-0.8125,-0.0145028588195
5,A2,-0.4440527938,AE,-0.4375,0.00655279377982
5,A3,0.2713688885,29,0.28125,0.0098811114712
5,B0,-0.2703356421,A9,-0.28125,-0.0109143579402
5,B1,-0.2596380658,A8,-0.25,0.00963806576623
5,B2,-0.5809859385,B1,-0.5625,0.018485938457
5,B3,-0.4660443559,AF,-0.46875,-0.00270564409823
5,C0,0.8733091754,36,0.875,0.00169082457501
6,A0,0.2960707705,29,0.28125,-0.0148207704932
6,A1,0.2182620113,26,0.21875,0.000487988666024
6,A2,-0.6577227036,B3,-0.6875,-0.0297772963962
6,A3,0.4582535959,2F,0.46875,0.0104964040993
6,B0,-0.6731950125,B3,-0.6875,-0.0143049875239
6,B1,-0.2410891165,A7,-0.234375,0.0067141164847
6,B2,0.9790467013,38,1,0.0209532987268
6,B3,0.2799995197,29,0.28125,0.00125048029181
6,C0,0.1138994875,1F,0.1171875,0.00328801245071
7,A0,0.3692285020,2C,0.375,0.00577149802025
7,A1,0.6857038404,33,0.6875,0.00179615962038
7,A2,0.5519998231,31,0.5625,0.0105001769075
7,A3,-0.5419038561,B1,-0.5625,-0.0205961439282
7,B0,-0.9357995122,B7,-0.9375,-0.00170048780808
7,B1,-0.3690939039,AC,-0.375,-0.00590609611816
7,B2,-0.4645182480,AF,-0.46875,-0.00423175195141
7,B3,-0.5780343128,B1,-0.5625,0.0155343128273
7,C0,0.8858194287,36,0.875,-0.0108194286701
8,A0,0.7527352529,34,0.75,-0.00273525294534
8,A1,-0.3706442384,AC,-0.375,-0.00435576159696
8,A2,0.3108773306,2A,0.3125,0.00162266941024
8,A3,-0.2087361979,A5,-0.203125,0.00561119787867
8,B0,0.8290951795,35,0.8125,-0.0165951794811
8,B1,-0.0822962948,9B,-0.0859375,-0.0036412051748
8,B2,-0.4702396670,AF,-0.46875,0.0014896670039
8,B3,-0.5067449846,B0,-0.5,0.00674498461203
8,C0,0.1227362683,20,0.125,0.0022637316737
9,A0,-0.4745167830,AF,-0.46875,0.00576678295413
9,A1,0.1691719804,23,0.171875,0.00270301955292
9,A2,0.7956457672,35,0.8125,0.016854232795
9,A3,-0.2011989897,A5,-0.203125,-0.00192601028079
9,B0,-0.5613584817,B1,-0.5625,-0.00114151831457
9,B1,0.9950752130,38,1,0.00492478700978
9,B2,0.0190525874,0A,0.01953125,0.000478662647071
9,B3,-0.8181811757,B5,-0.8125,0.00568117565241
9,C0,-0.9057672492,B6,-0.875,0.0307672491505
10,A0,-0.7807017393,B4,-0.75,0.0307017392987
10,A1,0.2548920834,28,0.25,-0.00489208340618
10,A2,0.5841587287,31,0.5625,-0.0216587287259
10,A3,-0.1556800664,A2,-0.15625,-0.000569933599368
10,B0,-0.8729445877,B6,-0.875,-0.00205541230391
10,B1,-0.2367614270,A7,-0.234375,0.00238642698693
10,B2,0.9922427605,38,1,0.00775723951981
10,B3,0.0582286902,17,0.05859375,0.000365059801726
10,C0,0.9421567552,37,0.9375,-0.00465675522724
11,A0,0.7215594045,34,0.75,0.028440595531
11,A1,-0.9770379561,B8,-1,-0.0229620438856
11,A2,0.4414436387,2E,0.4375,-0.00394363872039
11,A3,0.3634207381,2C,0.375,0.0115792619469
11,B0,0.0739406608,19,0.0703125,-0.00362816081759
11,B1,-0.4663496201,AF,-0.46875,-0.00240037990509
11,B2,0.2819235972,29,0.28125,-0.000673597159616
11,B3,-0.7768956528,B4,-0.75,0.0268956528082
11,C0,-0.1304694987,A0,-0.125,0.00546949866179
12,A0,-0.0925525873,9C,-0.09375,-0.00119741265841
12,A1,0.9076318550,37,0.9375,0.0298681449578
12,A2,0.7517058808,34,0.75,-0.00170588075639
12,A3,-0.4732218985,AF,-0.46875,0.00447189849782
12,B0,0.0011722261,01,0.001953125,0.000780898899403
12,B1,-0.6426962389,B2,-0.625,0.0176962389397
12,B2,0.8252556787,35,0.8125,-0.0127556786896
12,B3,0.7410371397,34,0.75,0.00896286032647
12,C0,-0.4031104171,AD,-0.40625,-0.00313958289727
13,A0,0.2778989897,29,0.28125,0.00335101026799
13,A1,0.2179404229,26,0.21875,0.000809577123655
13,A2,-0.6943214629,B3,-0.6875,0.00682146290073
13,A3,0.5250216002,30,0.5,-0.0250216001503
13,B0,0.0787580602,1A,0.078125,-0.000633060239251
13,B1,0.5572529573,31,0.5625,0.00524704273888
13,B2,0.0607073444,18,0.0625,0.00179265560965
13,B3,-0.9988562077,B8,-1,-0.00114379225589
13,C0,-0.3516878860,AB,-0.34375,0.00793788599065
14,A0,-0.9610465152,B7,-0.9375,0.0235465152283
14,A1,0.8581972325,36,0.875,0.0168027674708
14,A2,0.7574437556,34,0.75,-0.00744375564637
14,A3,0.6633310587,33,0.6875,0.0241689412776
14,B0,-0.3849717492,AC,-0.375,0.00997174919468
14,B1,-0.8841496670,B6,-0.875,0.00914966701162
14,B2,0.7560191984,34,0.75,-0.00601919840808
14,B3,0.8938988906,36,0.875,-0.018898890596
14,C0,-0.8286930959,B5,-0.8125,0.0161930958642
15,A0,-0.0280190734,8E,-0.02734375,0.000675323366772
15,A1,-0.8615749631,B6,-0.875,-0.0134250369368
15,A2,0.5212043305,30,0.5,-0.0212043305145
15,A3,0.5316688586,31,0.5625,0.030831141386
15,B0,-0.7432170710,B4,-0.75,-0.00678292899953
15,B1,-0.0494352438,95,-0.05078125,-0.00134600619746
15,B2,0.0996071870,1D,0.1015625,0.00195531301011
15,B3,-0.4698867421,AF,-0.46875,0.00113674211988
15,C0,0.7448660822,34,0.75,0.00513391782949
16,A0,-0.1537241196,A2,-0.15625,-0.00252588040177
16,A1,-0.5764035891,B1,-0.5625,0.0139035891158
16,A2,0.0785921776,1A,0.078125,-0.000467177558917
16,A3,0.4598621382,2F,0.46875,0.00888786182005
16,B0,-0.5976978732,B2,-0.625,-0.0273021267794
16,B1,-0.3765674174,AC,-0.375,0.00156741739821
16,B2,0.9902987133,38,1,0.00970128667821
16,B3,0.2997561153,2A,0.3125,0.0127438847211
16,C0,-0.1237998322,A0,-0.125,-0.00120016782901
17,A0,0.0351516821,11,0.03515625,4.56792881876e-06
17,A1,-0.7579916083,B4,-0.75,0.00799160826347
17,A2,-0.5506053259,B1,-0.5625,-0.0118946740631
17,A3,-0.3238288757,AA,-0.3125,0.0113288757051
17,B0,0.1766174369,23,0.171875,-0.00474243691447
17,B1,-0.5397705348,B1,-0.5625,-0.0227294651932
17,B2,-0.5595652311,B1,-0.5625,-0.00293476890312
17,B3,-0.8580138280,B6,-0.875,-0.0169861720181
17,C0,0.2622059145,28,0.25,-0.0122059145402
18,A0,-0.5421164324,B1,-0.5625,-0.0203835676223
18,A1,0.8108400260,35,0.8125,0.00165997398774
18,A2,0.7192708005,34,0.75,0.0307291994925
18,A3,-0.8582853002,B6,-0.875,-0.0167146997773
18,B0,-0.5239907313,B0,-0.5,0.023990731262
18,B1,0.3379555566,2B,0.34375,0.00579444340744
18,B2,-0.5715263853,B1,-0.5625,0.00902638525912
18,B3,-0.7353763025,B4,-0.75,-0.01462369745
18,C0,0.8710284812,36,0.875,0.00397151883866
19,A0,0.1420861867,21,0.140625,-0.00146118665057
19,A1,-0.0546579474,96,-0.0546875,-2.95526235883e-05
19,A2,0.5692388486,31,0.5625,-0.00673884858151
19,A3,0.6149939955,32,0.625,0.0100060044667
19,B0,-0.6191801713,B2,-0.625,-0.00581982872376
19,B1,-0.8061383715,B5,-0.8125,-0.00636162845765
19,B2,-0.1378976352,A1,-0.140625,-0.00272736481276
19,B3,-0.1528427540,A2,-0.15625,-0.00340724603984
19,C0,-0.0659506639,98,-0.0625,0.00345066392665
20,A0,0.4581516989,2F,0.46875,0.0105983010803
20,A1,0.3467290946,2B,0.34375,-0.0029790945866
20,A2,0.9683304227,37,0.9375,-0.0308304227319
20,A3,-0.8031642577,B5,-0.8125,-0.00933574230392
20,B0,-0.1947574358,A4,-0.1875,0.00725743579546
20,B1,-0.3213947892,AA,-0.3125,0.00889478921007
20,B2,0.7233450727,34,0.75,0.0266549272944
20,B3,-0.5026873322,B0,-0.5,0.00268733215943
20,C0,-0.6195821831,B2,-0.625,-0.00541781688162
21,A0,-0.1027729043,9D,-0.1015625,0.00121040433374
21,A1,-0.1562367203,A2,-0.15625,-1.32796688084e-05
21,A2,-0.4429097107,AE,-0.4375,0.00540971066612
21,A3,-0.5003871042,B0,-0.5,0.000387104235799
21,B0,0.8465311986,36,0.875,0.028468801448
21,B1,-0.1137385099,9F,-0.1171875,-0.00344899010691
21,B2,0.7226982095,34,0.75,0.0273017904763
21,B3,0.1006506249,1D,0.1015625,0.000911875100304
21,C0,-0.8988233410,B6,-0.875,0.0238233409502
22,A0,0.9985649368,38,1,0.00143506317455
22,A1,0.6720551702,33,0.6875,0.0154448298401
22,A2,0.9379925146,37,0.9375,-0.000492514569503
22,A3,0.8527339660,36,0.875,0.0222660339837
22,B0,0.6973914688,33,0.6875,-0.00989146882861
22,B1,-0.6673777788,B3,-0.6875,-0.0201222212078
22,B2,-0.0287177491,8F,-0.029296875,-0.000579125901437
22,B3,-0.5725054016,B1,-0.5625,0.0100054016016
22,C0,-0.1979194149,A5,-0.203125,-0.00520558509891
23,A0,-0.8827292001,B6,-0.875,0.00772920005564
23,A1,-0.2420537620,A7,-0.234375,0.00767876204617
23,A2,0.9706176876,38,1,0.0293823124405
23,A3,-0.4695938837,AF,-0.46875,0.000843883655696
23,B0,0.5681412039,31,0.5625,-0.00564120389714
23,B1,-0.0899832653,9C,-0.09375,-0.00376673467829
23,B2,-0.1539850280,A2,-0.15625,-0.00226497198033
23,B3,0.9146352817,37,0.9375,0.0228647182807
23,C0,0.9908453790,38,1,0.00915462101457
24,A0,0.1115366468,1E,0.109375,-0.00216164681124
24,A1,0.4368165506,2E,0.4375,0.000683449407348
24,A2,-0.6904063495,B3,-0.6875,0.00290634945187
24,A3,-0.4065843490,AD,-0.40625,0.000334349010872
24,B0,0.9374187299,37,0.9375,8.12700616823e-05
24,B1,0.1583605816,22,0.15625,-0.00211058163251
24,B2,0.0843904027,1B,0.0859375,0.00154709725145
24,B3,0.4959511208,30,0.5,0.00404887924187
24,C0,-0.8856694542,B6,-0.875,0.010669454185
25,A0,0.1683551889,23,0.171875,0.00351981108206
25,A1,0.0057007658,03,0.005859375,0.000158609160973
25,A2,0.7054397841,33,0.6875,-0.0179397840966
25,A3,-0.6851345441,B3,-0.6875,-0.00236545587897
25,B0,0.9215578065,37,0.9375,0.0159421934511
25,B1,-0.8397770695,B5,-0.8125,0.0272770695188
25,B2,-0.6283500780,B2,-0.625,0.00335007803855
25,B3,0.1900702129,24,0.1875,-0.00257021290006
25,C0,0.3504251072,2B,0.34375,-0.00667510720818
26,A0,-0.5295922100,B0,-0.5,0.0295922099981
26,A1,-0.7602267721,B4,-0.75,0.0102267721058
26,A2,0.7805746283,34,0.75,-0.0305746282589
26,A3,-0.5075693044,B0,-0.5,0.00756930442275
26,B0,0.1890383071,24,0.1875,-0.00153830706688
26,B1,0.2387630207,27,0.234375,-0.00438802066421
26,B2,-0.1615501693,A2,-0.15625,0.00530016932826
26,B3,0.1673445786,23,0.171875,0.00453042141755
26,C0,0.0455654311,14,0.046875,0.00130956893608
27,A0,0.8694125155,36,0.875,0.00558748452715
27,A1,-0.5914816012,B1,-0.5625,0.0289816011529
27,A2,0.4323836016,2E,0.4375,0.00511639842117
27,A3,-0.5226280948,B0,-0.5,0.0226280947683
27,B0,-0.2084283064,A5,-0.203125,0.00530330641749
27,B1,0.3433804459,2B,0.34375,0.000369554080057
27,B2,-0.4000058404,AD,-0.40625,-0.00624415959752
27,B3,-0.3676456075,AC,-0.375,-0.00735439254371
27,C0,0.5037289848,30,0.5,-0.0037289848288
28,A0,-0.8549137710,B6,-0.875,-0.0200862289863
28,A1,-0.0834289548,9B,-0.0859375,-0.00250854523717
28,A2,0.9969088817,38,1,0.00309111829112
28,A3,0.9921928957,38,1,0.00780710428981
28,B0,-0.8534785578,B6,-0.875,-0.0215214421993
28,B1,-0.5736913755,B1,-0.5625,0.0111913754659
28,B2,-0.4695991705,AF,-0.46875,0.000849170499197
28,B3,0.8665187560,36,0.875,0.00848124401258
28,C0,0.7617283474,34,0.75,-0.0117283473729
29,A0,0.7585404850,34,0.75,-0.00854048496909
29,A1,-0.2609458225,A8,-0.25,0.0109458225222
29,A2,-0.6845063353,B3,-0.6875,-0.00299366471446
29,A3,0.6674899093,33,0.6875,0.0200100907204
29,B0,0.4070798502,2D,0.40625,-0.000829850174742
29,B1,0.2233555315,26,0.21875,-0.0046055314519
29,B2,0.9744661273,38,1,0.025533872737
29,B3,0.3079526354,2A,0.3125,0.00454736457853
29,C0,-0.9843537857,B8,-1,-0.0156462143043
30,A0,0.6342082702,32,0.625,-0.00920827023092
30,A1,-0.4012424956,AD,-0.40625,-0.00500750439996
30,A2,0.3267774299,2A,0.3125,-0.0142774299322
30,A3,0.8778600079,36,0.875,-0.00286000785421
30,B0,-0.7314177712,B4,-0.75,-0.0185822287867
30,B1,-0.7691426592,B4,-0.75,0.0191426591618
30,B2,-0.7859280446,B5,-0.8125,-0.0265719554188
30,B3,0.1064472818,1E,0.109375,0.00292771823037
30,C0,-0.4553035754,AF,-0.46875,-0.0134464246296
31,A0,0.2096596541,25,0.203125,-0.00653465406045
31,A1,0.4352243743,2E,0.4375,0.0022756257224
31,A2,-0.5928053753,B1,-0.5625,0.0303053753451
31,A3,0.2684759178,29,0.28125,0.0127740822298
31,B0,-0.4720321967,AF,-0.46875,0.00328219673918
31,B1,-0.0229362957,8C,-0.0234375,-0.000501204298753
31,B2,0.8106729822,35,0.8125,0.00182701784135
31,B3,0.6922074266,33,0.6875,-0.00470742658971
31,C0,-0.8154030646,B5,-0.8125,0.00290306457453
32,A0,-0.1528484549,A2,-0.15625,-0.00340154512745
32,A1,-0.4466395521,AE,-0.4375,0.0091395520555
32,A2,-0.9929086218,B8,-1,-0.00709137817556
32,A3,0.5422384460,31,0.5625,0.0202615539607
32,B0,0.2742267546,29,0.28125,0.00702324539724
32,B1,-0.4760894751,AF,-0.46875,0.0073394751313
32,B2,0.4824618167,2F,0.46875,-0.0137118166959
32,B3,0.1033608423,1D,0.1015625,-0.00179834225278
32,C0,-0.1446261620,A1,-0.140625,0.00400116203864
33,A0,-0.9806606008,B8,-1,-0.0193393992167
33,A1,-0.8495122799,B6,-0.875,-0.0254877201475
33,A2,0.7662127866,34,0.75,-0.0162127866003
33,A3,0.8078571431,35,0.8125,0.00464285688021
33,B0,0.0911805784,1C,0.09375,0.00256942158896
33,B1,0.6691900398,33,0.6875,0.018309960228
33,B2,0.1650191330,23,0.171875,0.00685586702041
33,B3,-0.7038124289,B3,-0.6875,0.016312428865
33,C0,-0.7451089614,B4,-0.75,-0.00489103856428
34,A0,-0.3834833001,AC,-0.375,0.00848330013973
34,A1,0.7979629775,35,0.8125,0.0145370225148
34,A2,0.5922446098,31,0.5625,-0.0297446097761
34,A3,0.7214051640,34,0.75,0.0285948359982
34,B0,0.7978492731,35,0.8125,0.0146507269471
34,B1,-0.5798469233,B1,-0.5625,0.0173469233205
34,B2,-0.5009405216,B0,-0.5,0.000940521554151
34,B3,-0.7944127567,B5,-0.8125,-0.0180872433436
34,C0,0.5602324837,31,0.5625,0.00226751625711
35,A0,0.7682694029,34,0.75,-0.018269402902
35,A1,-0.1872452203,A4,-0.1875,-0.000254779664234
35,A2,0.2413230203,27,0.234375,-0.00694802030143
35,A3,-0.6908933233,B3,-0.6875,0.00339332333559
35,B0,0.8597620314,36,0.875,0.0152379686127
35,B1,0.7292113924,34,0.75,0.0207886075601
35,B2,0.9524120659,37,0.9375,-0.0149120658619
35,B3,0.6215434399,32,0.625,0.00345656011921
35,C0,0.7628324093,34,0.75,-0.0128324093266
36,A0,-0.9504272762,B7,-0.9375,0.0129272762036
36,A1,0.4731289435,2F,0.46875,-0.00437894351016
36,A2,-0.3356290641,AB,-0.34375,-0.00812093589286
36,A3,0.8616317721,36,0.875,0.0133682279033
36,B0,0.6044702779,32,0.625,0.0205297221257
36,B1,0.7281280568,34,0.75,0.0218719432494
36,B2,0.6214986331,32,0.625,0.00350136685122
36,B3,-0.4663885808,AF,-0.46875,-0.00236141918894
36,C0,0.5747490183,31,0.5625,-0.0122490182709
37,A0,-0.7838087472,B5,-0.8125,-0.0286912528059
37,A1,0.7443335658,34,0.75,0.00566643418782
37,A2,0.7171865027,33,0.6875,-0.0296865026756
37,A3,-0.5551325649,B1,-0.5625,-0.00736743509133
37,B0,0.6331732112,32,0.625,-0.00817321119386
37,B1,-0.0793935306,9A,-0.078125,0.00126853064212
37,B2,-0.3896182653,AC,-0.375,0.0146182653228
37,B3,0.5906909983,31,0.5625,-0.0281909983057
37,C0,-0.5448090252,B1,-0.5625,-0.0176909748155
38,A0,-0.9526711306,B7,-0.9375,0.0151711305971
38,A1,-0.6137404233,B2,-0.625,-0.0112595766554
38,A2,-0.3434760976,AB,-0.34375,-0.000273902395413
38,A3,0.7287058841,34,0.75,0.0212941159394
38,B0,0.9337782081,37,0.9375,0.00372179190328
38,B1,-0.4417500146,AE,-0.4375,0.00425001455626
38,B2,0.2829634772,29,0.28125,-0.00171347721526
38,B3,-0.2006432313,A5,-0.203125,-0.00248176872012
38,C0,0.9622993744,37,0.9375,-0.0247993743965
39,A0,0.0724314650,19,0.0703125,-0.00211896495744
39,A1,0.8784742806,36,0.875,-0.00347428064943
39,A2,-0.7693164963,B4,-0.75,0.0193164962971
39,A3,0.9408012220,37,0.9375,-0.00330122204446
39,B0,-0.6428643677,B2,-0.625,0.0178643676551
39,B1,0.9250686315,37,0.9375,0.0124313684769
39,B2,-0.4690672750,AF,-0.46875,0.000317274954063
39,B3,-0.7831949056,B5,-0.8125,-0.0293050944294
39,C0,-0.1308724829,A0,-0.125,0.00587248287071
40,A0,0.4570901213,2F,0.46875,0.0116598786946
40,A1,-0.3726453716,AC,-0.375,-0.00235462838998
40,A2,0.2124177066,26,0.21875,0.00633229338771
40,A3,0.0228461193,0C,0.0234375,0.000591380661044
40,B0,-0.2296091333,A7,-0.234375,-0.00476586668945
40,B1,0.1531760870,22,0.15625,0.0030739130068
40,B2,-0.4905549877,B0,-0.5,-0.00944501227716
40,B3,0.4175705677,2D,0.40625,-0.0113205676683
40,C0,-0.9966174436,B8,-1,-0.00338255643726
41,A0,0.8511503310,36,0.875,0.0238496690018
41,A1,0.0769039942,1A,0.078125,0.00122100581442
41,A2,0.4388599983,2E,0.4375,-0.00135999828969
41,A3,0.4839001557,2F,0.46875,-0.015150155679
41,B0,0.3412570089,2B,0.34375,0.002492991134
41,B1,-0.2715570564,A9,-0.28125,-0.00969294356253
41,B2,-0.8600523777,B6,-0.875,-0.0149476222526
41,B3,0.3284753698,2B,0.34375,0.0152746301775
41,C0,-0.3395999279,AB,-0.34375,-0.00415007208519
42,A0,-0.3721687099,AC,-0.375,-0.00283129011672
42,A1,0.6960305590,33,0.6875,-0.00853055901267
42,A2,0.4395085260,2E,0.4375,-0.0020085260279
42,A3,-0.3993554636,AD,-0.40625,-0.00689453642253
42,B0,-0.3814306756,AC,-0.375,0.00643067558269
42,B1,-0.1832141828,A4,-0.1875,-0.00428581723843
42,B2,-0.1951992259,A4,-0.1875,0.00769922588455
42,B3,-0.4086895949,AD,-0.40625,0.00243959494811
42,C0,-0.7454244019,B4,-0.75,-0.00457559811831
43,A0,-0.1591073325,A2,-0.15625,0.00285733245418
43,A1,0.8807273415,36,0.875,-0.00572734146037
43,A2,0.3546358905,2B,0.34375,-0.0108858905455
43,A3,0.8056110915,35,0.8125,0.00688890853483
43,B0,0.2310298319,27,0.234375,0.00334516809724
43,B1,-0.3981002509,AD,-0.40625,-0.00814974913113
43,B2,0.0958744263,1C,0.09375,-0.0021244262714
43,B3,-0.9991881206,B8,-1,-0.000811879394575
43,C0,-0.4261725663,AE,-0.4375,-0.0113274337379
44,A0,-0.1402237000,A1,-0.140625,-0.000401299979669
44,A1,0.1599695624,22,0.15625,-0.00371956239136
44,A2,0.3094112474,2A,0.3125,0.00308875259386
44,A3,-0.0700236195,99,-0.0703125,-0.000288880494028
44,B0,-0.1156804014,9F,-0.1171875,-0.00150709860961
44,B1,-0.5725971980,B1,-0.5625,0.0100971980218
44,B2,-0.0536276282,96,-0.0546875,-0.00105987181865
44,B3,0.8023616517,35,0.8125,0.0101383483435
44,C0,0.5920495203,31,0.5625,-0.0295495202536
45,A0,-0.6606172076,B3,-0.6875,-0.0268827923961
45,A1,-0.8304089265,B5,-0.8125,0.0179089265498
45,A2,0.0309040198,10,0.03125,0.000345980169567
45,A3,0.2658817115,29,0.28125,0.0153682884684
45,B0,-0.3296234892,AB,-0.34375,-0.0141265108196
45,B1,0.6368469291,32,0.625,-0.0118469290733
45,B2,0.5022762751,30,0.5,-0.00227627508146
45,B3,0.3455913411,2B,0.34375,-0.00184134111433
45,C0,-0.5507186680,B1,-0.5625,-0.0117813319946
46,A0,-0.6017401345,B2,-0.625,-0.0232598654532
46,A1,-0.9511492245,B7,-0.9375,0.0136492245463
46,A2,-0.5103149118,B0,-0.5,0.0103149118433
46,A3,-0.0497273116,95,-0.05078125,-0.00105393843761
46,B0,0.6994753892,33,0.6875,-0.0119753892495
46,B1,-0.8543435416,B6,-0.875,-0.0206564583691
46,B2,-0.1711179780,A3,-0.171875,-0.000757021995439
46,B3,0.2595307615,28,0.25,-0.00953076147543
46,C0,-0.6111295265,B2,-0.625,-0.0138704734794
47,A0,0.3927085010,2D,0.40625,0.013541499019
47,A1,-0.0112456620,86,-0.01171875,-0.000473088020874
47,A2,-0.5120311208,B0,-0.5,0.0120311208431
47,A3,0.3121160222,2A,0.3125,0.000383977776432
47,B0,-0.9889103637,B8,-1,-0.0110896362761
47,B1,0.5019289532,30,0.5,-0.00192895323695
47,B2,0.5400923771,31,0.5625,0.0224076228519
47,B3,-0.7868254069,B5,-0.8125,-0.0256745931271
47,C0,-0.1497076121,A2,-0.15625,-0.00654238788547
48,A0,-0.6482266366,B2,-0.625,0.0232266365869
48,A1,0.9159320846,37,0.9375,0.0215679154409
48,A2,0.0359155009,11,0.03515625,-0.000759250887482
48,A3,-0.8995632297,B6,-0.875,0.0245632297187
48,B0,-0.5016034407,B0,-0.5,0.00160344068006
48,B1,0.6966726947,33,0.6875,-0.00917269470332
48,B2,-0.0870763491,9B,-0.0859375,0.00113884905965
48,B3,0.6028332034,32,0.625,0.0221667965555
48,C0,0.3351554652,2B,0.34375,0.00859453482729
49,A0,0.9757849061,38,1,0.0242150938671
49,A1,0.1909046369,24,0.1875,-0.00340463693884
49,A2,0.9000792169,36,0.875,-0.0250792168863
49,A3,0.7828518516,35,0.8125,0.0296481483791
49,B0,0.2253046455,26,0.21875,-0.00655464552353
49,B1,0.4385479226,2E,0.4375,-0.00104792255193
49,B2,0.0095563296,05,0.009765625,0.000209295351196
49,B3,0.6611383394,33,0.6875,0.0263616605572
49,C0,0.0957439012,1C,0.09375,-0.00199390122166
50,A0,0.7944162065,35,0.8125,0.0180837935335
50,A1,0.4873108843,30,0.5,0.0126891156808
50,A2,-0.0506511264,95,-0.05078125,-0.000130123646107
50,A3,-0.4816169031,AF,-0.46875,0.01286690307
50,B0,-0.5055205250,B0,-0.5,0.00552052498068
50,B1,0.2753228736,29,0.28125,0.00592712644769
50,B2,0.5316273686,31,0.5625,0.0308726314057
50,B3,0.0425996257,13,0.04296875,0.000369124344036
50,C0,0.2534968740,28,0.25,-0.00349687396356
51,A0,-0.4508051062,AE,-0.4375,0.0133051061649
51,A1,-0.8450332923,B6,-0.875,-0.0299667077295
51,A2,-0.4285436983,AE,-0.4375,-0.00895630172631
51,A3,-0.4565697858,AF,-0.46875,-0.0121802141644
51,B0,-0.3605808632,AC,-0.375,-0.0144191368375
51,B1,0.0803044450,1A,0.078125,-0.00217944503691
51,B2,-0.7232518770,B4,-0.75,-0.0267481230323
51,B3,-0.5374770405,B1,-0.5625,-0.0250229594564
51,C0,0.3878996246,2C,0.375,-0.0128996245981
52,A0,0.4128382834,2D,0.40625,-0.0065882833891
52,A1,-0.8715422986,B6,-0.875,-0.00345770142776
52,A2,-0.1848012607,A4,-0.1875,-0.00269873933317
52,A3,0.0852222810,1B,0.0859375,0.000715218992169
52,B0,-0.1684515318,A3,-0.171875,-0.00342346820631
52,B1,-0.5863312210,B1,-0.5625,0.0238312209712
52,B2,-0.1597129645,A2,-0.15625,0.00346296445315
52,B3,0.8096769567,35,0.8125,0.00282304331965
52,C0,0.1681588284,23,0.171875,0.00371617159155
53,A0,0.3910459730,2D,0.40625,0.0152040270041
53,A1,0.7134640646,33,0.6875,-0.0259640646079
53,A2,0.5311891522,30,0.5,-0.0311891522361
53,A3,-0.2392379421,A7,-0.234375,0.00486294214458
53,B0,-0.9882078328,B8,-1,-0.011792167168
53,B1,-0.2964823947,A9,-0.28125,0.0152323946564
53,B2,0.5069502501,30,0.5,-0.00695025011877
53,B3,0.7068959011,33,0.6875,-0.0193959011382
53,C0,0.9068606769,37,0.9375,0.0306393230598
54,A0,-0.1619574347,A2,-0.15625,0.00570743474036
54,A1,0.4950313380,30,0.5,0.0049686620439
54,A2,0.0922646195,1C,0.09375,0.00148538053232
54,A3,0.2065051779,25,0.203125,-0.00338017788248
54,B0,-0.5589226114,B1,-0.5625,-0.00357738864764
54,B1,-0.5611567308,B1,-0.5625,-0.00134326924287
54,B2,-0.1283280479,A0,-0.125,0.00332804790673
54,B3,-0.9419503601,B7,-0.9375,0.00445036010657
54,C0,-0.3277409126,AA,-0.3125,0.0152409126032
55,A0,0.3582837701,2B,0.34375,-0.0145337700567
55,A1,-0.1913666617,A4,-0.1875,0.00386666172473
55,A2,-0.6699105376,B3,-0.6875,-0.017589462407
55,A3,-0.0652197015,98,-0.0625,0.00271970153538
55,B0,-0.7447444054,B4,-0.75,-0.00525559456232
55,B1,0.2445139219,28,0.25,0.00548607805187
55,B2,-0.9460670962,B7,-0.9375,0.00856709618972
55,B3,-0.2119594873,A6,-0.21875,-0.00679051267941
55,C0,0.1287839660,20,0.125,-0.00378396604955
56,A0,-0.9457959073,B7,-0.9375,0.00829590731938
56,A1,0.2854992960,29,0.28125,-0.00424929601867
56,A2,-0.7286010255,B4,-0.75,-0.0213989744611
56,A3,-0.0766031119,9A,-0.078125,-0.00152188810302
56,B0,-0.8994307330,B6,-0.875,0.0244307330227
56,B1,-0.2417922716,A7,-0.234375,0.00741727162372
56,B2,-0.5766794316,B1,-0.5625,0.014179431577
56,B3,-0.3463083902,AB,-0.34375,0.00255839023738
56,C0,0.5224594158,30,0.5,-0.0224594157881
57,A0,-0.2417475689,A7,-0.234375,0.00737256887173
57,A1,0.5040196471,30,0.5,-0.00401964710957
57,A2,0.6638485703,33,0.6875,0.0236514296895
57,A3,-0.4954569364,B0,-0.5,-0.00454306356476
57,B0,-0.8361875345,B5,-0.8125,0.0236875344767
57,B1,-0.9612334259,B7,-0.9375,0.0237334259
57,B2,0.0788380958,1A,0.078125,-0.000713095845067
57,B3,0.9998156570,38,1,0.000184342981582
57,C0,-0.3000793126,AA,-0.3125,-0.0124206874404
58,A0,0.3002881865,2A,0.3125,0.0122118135003
58,A1,0.5624660992,31,0.5625,3.39007782102e-05
58,A2,0.3035093105,2A,0.3125,0.00899068951222
58,A3,0.5084664081,30,0.5,-0.00846640811905
58,B0,0.8992234654,36,0.875,-0.024223465432
58,B1,-0.6012786353,B2,-0.625,-0.0237213647251
58,B2,-0.9592399654,B7,-0.9375,0.0217399653593
58,B3,-0.6952353084,B3,-0.6875,0.00773530843042
58,C0,-0.7475580503,B4,-0.75,-0.00244194974841
59,A0,0.3389176892,2B,0.34375,0.00483231076018
59,A1,0.1279391639,20,0.125,-0.00293916386004
59,A2,-0.5640709182,B1,-0.5625,0.00157091818699
59,A3,0.3989299425,2D,0.40625,0.0073200575077
59,B0,0.5337961967,31,0.5625,0.0287038032875
59,B1,-0.6644217133,B3,-0.6875,-0.0230782867356
59,B2,0.2144949878,26,0.21875,0.00425501221814
59,B3,0.4958513039,30,0.5,0.00414869608943
59,C0,-0.7709342572,B4,-0.75,0.0209342572422
60,A0,0.6386023486,32,0.625,-0.0136023486222
60,A1,0.9294415461,37,0.9375,0.00805845393182
60,A2,-0.7838025007,B5,-0.8125,-0.0286974993152
60,A3,-0.9486431490,B7,-0.9375,0.0111431490051
60,B0,-0.3760855112,AC,-0.375,0.00108551121061
60,B1,0.3546945737,2B,0.34375,-0.0109445737008
60,B2,0.9163456764,37,0.9375,0.0211543235882
60,B3,-0.2066911170,A5,-0.203125,0.00356611696675
60,C0,0.4300294101,2E,0.4375,0.00747058990106
61,A0,-0.8480070443,B6,-0.875,-0.0269929556861
61,A1,0.3812288319,2C,0.375,-0.00622883186596
61,A2,0.2544847912,28,0.25,-0.00448479120209
61,A3,-0.7961973891,B5,-0.8125,-0.016302610892
61,B0,0.5449617699,31,0.5625,0.0175382300976
61,B1,0.7005864782,33,0.6875,-0.0130864781776
61,B2,0.2008232296,25,0.203125,0.00230177036631
61,B3,-0.7578898699,B4,-0.75,0.00788986986537
61,C0,0.9676887030,37,0.9375,-0.0301887030293
62,A0,0.5652706927,31,0.5625,-0.00277069272204
62,A1,-0.3055924694,AA,-0.3125,-0.0069075306169
62,A2,-0.1432439735,A1,-0.140625,0.00261897353051
62,A3,-0.2588582476,A8,-0.25,0.00885824756389
62,B0,0.0119215794,06,0.01171875,-0.000202829354156
62,B1,-0.3175376503,AA,-0.3125,0.00503765027743
62,B2,0.6991512540,33,0.6875,-0.0116512539992
62,B3,0.6446618362,32,0.625,-0.0196618361801
62,C0,-0.7889222587,B5,-0.8125,-0.023577741288
63,A0,0.9215751344,37,0.9375,0.0159248655708
63,A1,0.2711702122,29,0.28125,0.0100797877971
63,A2,0.6574146220,33,0.6875,0.0300853779951
63,A3,0.4146172874,2D,0.40625,-0.00836728741215
63,B0,-0.1290257100,A0,-0.125,0.00402570998465
63,B1,0.4675906080,2F,0.46875,0.00115939197322
63,B2,0.9309474625,37,0.9375,0.00655253752384
63,B3,-0.4598352072,AF,-0.46875,-0.0089147927748
63,C0,0.6163984376,32,0.625,0.00860156238649
64,A0,0.0763458129,1A,0.078125,0.00177918710349
64,A1,-0.0330049922,90,-0.03125,0.00175499223361
64,A2,-0.1288510140,A0,-0.125,0.00385101399221
64,A3,0.4620524286,2F,0.46875,0.00669757138976
64,B0,-0.4632089239,AF,-0.46875,-0.00554107609845
64,B1,0.7034263200,33,0.6875,-0.0159263200387
64,B2,0.6614620378,33,0.6875,0.0260379622188
64,B3,-0.8266742039,B5,-0.8125,0.0141742038887
64,C0,0.7632623680,34,0.75,-0.0132623680055
65,A0,-0.5122731216,B0,-0.5,0.0122731216181
65,A1,-0.0705830668,99,-0.0703125,0.000270566793537
65,A2,0.2206634085,26,0.21875,-0.00191340846104
65,A3,-0.2420213917,A7,-0.234375,0.00764639174347
65,B0,-0.9426000045,B7,-0.9375,0.00510000445982
65,B1,0.7019056726,33,0.6875,-0.0144056726249
65,B2,-0.6363202857,B2,-0.625,0.0113202856846
65,B3,-0.5757602996,B1,-0.5625,0.0132602996405
65,C0,0.5956647137,32,0.625,0.0293352863438
66,A0,-0.3193223137,AA,-0.3125,0.00682231367143
66,A1,0.7606399595,34,0.75,-0.0106399595165
66,A2,0.4023675007,2D,0.40625,0.0038824993356
66,A3,-0.4474628485,AE,-0.4375,0.00996284848763
66,B0,-0.9796977711,B8,-1,-0.0203022288774
66,B1,0.8961251556,36,0.875,-0.0211251555541
66,B2,-0.8287740761,B5,-0.8125,0.016274076084
66,B3,0.4401493282,2E,0.4375,-0.00264932820839
66,C0,-0.0228443063,8C,-0.0234375,-0.000593193697575
67,A0,0.5163293070,30,0.5,-0.0163293069649
67,A1,0.3812186789,2C,0.375,-0.00621867889305
67,A2,0.2918057995,29,0.28125,-0.0105557994819
67,A3,-0.0183573298,89,-0.017578125,0.000779204842828
67,B0,0.5858657363,31,0.5625,-0.0233657362646
67,B1,-0.8138932989,B5,-0.8125,0.00139329889066
67,B2,-0.5568071991,B1,-0.5625,-0.00569280094506
67,B3,0.3835743106,2C,0.375,-0.0085743105904
67,C0,-0.3875879397,AC,-0.375,0.0125879397398
68,A0,0.1631111707,22,0.15625,-0.00686117066473
68,A1,-0.0534790225,96,-0.0546875,-0.00120847751905
68,A2,0.0618438623,18,0.0625,0.000656137708464
68,A3,-0.1489923746,A2,-0.15625,-0.00725762541043
68,B0,0.4918708734,30,0.5,0.00812912657278
68,B1,-0.3384174056,AB,-0.34375,-0.00533259439186
68,B2,0.4057098844,2D,0.40625,0.000540115628462
68,B3,-0.4581671460,AF,-0.46875,-0.0105828539524
68,C0,-0.4971926476,B0,-0.5,-0.00280735240188
69,A0,-0.7586882305,B4,-0.75,0.00868823049539
69,A1,-0.6148314131,B2,-0.625,-0.010168586903
69,A2,-0.7608905175,B4,-0.75,0.0108905174899
69,A3,0.0717279308,19,0.0703125,-0.0014154307675
69,B0,0.5243792190,30,0.5,-0.0243792189682
69,B1,-0.6297003151,B2,-0.625,0.00470031512468
69,B2,-0.5672307202,B1,-0.5625,0.00473072024279
69,B3,-0.0316028256,90,-0.03125,0.000352825574583
69,C0,0.4491700022,2E,0.4375,-0.0116700021861
70,A0,0.9532140458,37,0.9375,-0.0157140457661
70,A1,0.0492737382,15,0.05078125,0.00150751178278
70,A2,-0.4340025935,AE,-0.4375,-0.00349740654991
70,A3,-0.7989477838,B5,-0.8125,-0.0135522161816
70,B0,-0.6117648438,B2,-0.625,-0.0132351561821
70,B1,-0.5450336730,B1,-0.5625,-0.0174663269651
70,B2,-0.6411169126,B2,-0.625,0.0161169126292
70,B3,-0.9717032655,B8,-1,-0.0282967345121
70,C0,0.0682701785,19,0.0703125,0.00204232146467
71,A0,-0.4513773464,AE,-0.4375,0.0138773464335
71,A1,0.9485898622,37,0.9375,-0.0110898622055
71,A2,0.1067179336,1E,0.109375,0.00265706640278
71,A3,0.3948347858,2D,0.40625,0.0114152141796
71,B0,-0.7474410141,B4,-0.75,-0.00255898591682
71,B1,0.7369223945,34,0.75,0.0130776054741
71,B2,-0.0182426110,89,-0.017578125,0.000664485952442
71,B3,0.7454394700,34,0.75,0.00456053000293
71,C0,0.1481284393,21,0.140625,-0.00750343925266
72,A0,-0.0612061101,98,-0.0625,-0.00129388986102
72,A1,-0.1190624037,9F,-0.1171875,0.00187490372798
72,A2,-0.6312726592,B2,-0.625,0.00627265921984
72,A3,-0.8972465656,B6,-0.875,0.0222465656328
72,B0,0.8821271935,36,0.875,-0.00712719353621
72,B1,-0.0445416255,93,-0.04296875,0.00157287546862
72,B2,0.6442312906,32,0.625,-0.0192312905989
72,B3,-0.1985851155,A5,-0.203125,-0.00453988450388
72,C0,-0.8518356595,B6,-0.875,-0.0231643405113
73,A0,0.2588914139,28,0.25,-0.008891413904
73,A1,-0.8927818514,B6,-0.875,0.0177818514149
73,A2,-0.7016048311,B3,-0.6875,0.0141048310527
73,A3,0.1256791942,20,0.125,-0.000679194169128
73,B0,-0.3923289763,AD,-0.40625,-0.0139210236845
73,B1,0.9878362454,38,1,0.0121637545796
73,B2,-0.7630968756,B4,-0.75,0.0130968755771
73,B3,0.5288868907,30,0.5,-0.0288868906524
73,C0,0.2126353025,26,0.21875,0.00611469751407
74,A0,0.5814816597,31,0.5625,-0.0189816596868
74,A1,-0.5486257259,B1,-0.5625,-0.0138742741301
74,A2,0.0451450703,14,0.046875,0.00172992973956
74,A3,-0.0989710702,9D,-0.1015625,-0.00259142977751
74,B0,-0.1145579920,9F,-0.1171875,-0.00262950803866
74,B1,0.7203333317,34,0.75,0.0296666683476
74,B2,0.9800625209,38,1,0.0199374790664
74,B3,-0.3892395114,AC,-0.375,0.0142395113613
74,C0,0.2420546421,27,0.234375,-0.0076796421443
75,A0,0.2192618245,26,0.21875,-0.000511824490261
75,A1,0.4801786110,2F,0.46875,-0.0114286109691
75,A2,0.8951804007,36,0.875,-0.0201804006508
75,A3,-0.5844241884,B1,-0.5625,0.0219241883529
75,B0,-0.5779496094,B1,-0.5625,0.0154496093892
75,B1,0.3208562744,2A,0.3125,-0.00835627438407
75,B2,-0.6858858132,B3,-0.6875,-0.00161418676175
75,B3,-0.6523729033,B2,-0.625,0.0273729033471
75,C0,-0.8498702622,B6,-0.875,-0.0251297378023
76,A0,-0.9946485548,B8,-1,-0.00535144520577
76,A1,-0.0989925908,9D,-0.1015625,-0.0025699092354
76,A2,0.1876223902,24,0.1875,-0.000122390239127
76,A3,-0.4174814219,AD,-0.40625,0.0112314219379
76,B0,-0.5370475309,B1,-0.5625,-0.0254524691121
76,B1,0.4139116598,2D,0.40625,-0.00766165975807
76,B2,0.4059751162,2D,0.40625,0.000274883812566
76,B3,-0.0919373472,9C,-0.09375,-0.00181265281409
76,C0,0.3747698401,2C,0.375,0.000230159857515
77,A0,0.8478220890,36,0.875,0.0271779110349
77,A1,0.5756560533,31,0.5625,-0.0131560532935
77,A2,0.2501160143,28,0.25,-0.000116014328444
77,A3,0.3223660857,2A,0.3125,-0.00986608570674
77,B0,0.8673369169,36,0.875,0.00766308310897
77,B1,-0.1497220678,A2,-0.15625,-0.00652793220842
77,B2,0.0891247574,1B,0.0859375,-0.00318725742116
77,B3,0.2952694468,29,0.28125,-0.014019446805
77,C0,0.8168228904,35,0.8125,-0.00432289042521
78,A0,0.6532623193,32,0.625,-0.0282623193001
78,A1,-0.8571803263,B6,-0.875,-0.0178196737116
78,A2,-0.6681544216,B3,-0.6875,-0.0193455784414
78,A3,-0.3847763748,AC,-0.375,0.00977637477153
78,B0,0.4979154441,30,0.5,0.00208455586075
78,B1,0.1384140986,21,0.140625,0.00221090136182
78,B2,-0.4227788234,AE,-0.4375,-0.0147211766117
78,B3,-0.7512926837,B4,-0.75,0.00129268365058
78,C0,0.3773559824,2C,0.375,-0.00235598242419
79,A0,0.3994673700,2D,0.40625,0.00678263004857
79,A1,0.8853524815,36,0.875,-0.0103524814881
79,A2,0.0009443542,00,0,-0.000944354235851
79,A3,-0.0124095613,86,-0.01171875,0.000690811309831
79,B0,-0.8391162962,B5,-0.8125,0.0266162962014
79,B1,-0.9202784316,B7,-0.9375,-0.0172215683672
79,B2,-0.1359426717,A1,-0.140625,-0.00468232832155
79,B3,-0.3553568333,AB,-0.34375,0.0116068332834
79,C0,-0.4992641952,B0,-0.5,-0.000735804824008
80,A0,-0.8173462267,B5,-0.8125,0.00484622673803
80,A1,0.9238222044,37,0.9375,0.0136777956143
80,A2,0.6719172278,33,0.6875,0.0155827721876
80,A3,0.1503982184,22,0.15625,0.00585178156014
80,B0,0.9015725556,36,0.875,-0.0265725556127
80,B1,0.9991448338,38,1,0.000855166245097
80,B2,0.3445631686,2B,0.34375,-0.000813168606479
80,B3,-0.4609779481,AF,-0.46875,-0.00777205193411
80,C0,-0.9195366537,B7,-0.9375,-0.0179633462892
81,A0,0.5125376608,30,0.5,-0.0125376608251
81,A1,-0.0589983535,97,-0.05859375,0.000404603496733
81,A2,0.3030189789,2A,0.3125,0.00948102113263
81,A3,0.8321455759,35,0.8125,-0.0196455758535
81,B0,-0.6370217056,B2,-0.625,0.0120217055537
81,B1,0.1706592506,23,0.171875,0.00121574944429
81,B2,0.2695694389,29,0.28125,0.0116805610918
81,B3,-0.0165483956,88,-0.015625,0.000923395617973
81,C0,-0.8175151874,B5,-0.8125,0.00501518741235
82,A0,-0.3040778874,AA,-0.3125,-0.0084221125893
82,A1,-0.3333832127,AB,-0.34375,-0.0103667873302
82,A2,0.3402670190,2B,0.34375,0.00348298095763
82,A3,0.7154661888,33,0.6875,-0.0279661888007
82,B0,-0.3403926728,AB,-0.34375,-0.00335732715793
82,B1,0.3873473480,2C,0.375,-0.0123473479669
82,B2,-0.4235644093,AE,-0.4375,-0.0139355907229
82,B3,0.8903870791,36,0.875,-0.0153870791264
82,C0,0.6271320695,32,0.625,-0.00213206947595
83,A0,0.1001932179,1D,0.1015625,0.00136928205643
83,A1,-0.0903481828,9C,-0.09375,-0.00340181720346
83,A2,-0.3709656857,AC,-0.375,-0.00403431434034
83,A3,-0.3534524274,AB,-0.34375,0.00970242744801
83,B0,0.9403694536,37,0.9375,-0.00286945361715
83,B1,-0.1916498860,A4,-0.1875,0.00414988599851
83,B2,0.0291925047,0F,0.029296875,0.00010437034179
83,B3,0.9762384296,38,1,0.0237615704365
83,C0,0.3153207730,2A,0.3125,-0.00282077296626
84,A0,0.0851871887,1B,0.0859375,0.00075031128561
84,A1,-0.1735048584,A3,-0.171875,0.00162985840136
84,A2,-0.6248349172,B2,-0.625,-0.000165082789054
84,A3,-0.2764412817,A9,-0.28125,-0.00480871830335
84,B0,0.5128863081,30,0.5,-0.0128863081111
84,B1,0.2508174843,28,0.25,-0.000817484290018
84,B2,0.5199810721,30,0.5,-0.019981072122
84,B3,-0.5928835233,B1,-0.5625,0.0303835232995
84,C0,0.0984392782,1D,0.1015625,0.00312322182934
85,A0,0.8553455217,36,0.875,0.0196544783111
85,A1,-0.1237678099,A0,-0.125,-0.00123219014476
85,A2,0.3965000582,2D,0.40625,0.00974994175566
85,A3,-0.7571478333,B4,-0.75,0.00714783327476
85,B0,0.9462936316,37,0.9375,-0.00879363164339
85,B1,0.2177433342,26,0.21875,0.00100666583607
85,B2,-0.5214050753,B0,-0.5,0.0214050753447
85,B3,-0.6832436724,B3,-0.6875,-0.00425632761046
85,C0,0.1016780140,1D,0.1015625,-0.00011551400534
86,A0,0.1045028181,1D,0.1015625,-0.00294031810747
86,A1,-0.8135815974,B5,-0.8125,0.00108159743695
86,A2,0.9845142788,38,1,0.0154857212096
86,A3,0.8258597570,35,0.8125,-0.0133597569683
86,B0,-0.0771042116,9A,-0.078125,-0.00102078835757
86,B1,-0.7650677018,B4,-0.75,0.0150677018209
86,B2,0.6642863475,33,0.6875,0.0232136524622
86,B3,-0.0032489906,82,-0.00390625,-0.000657259414391
86,C0,0.4332066520,2E,0.4375,0.00429334801642
87,A0,0.0177440301,09,0.017578125,-0.000165905139023
87,A1,-0.4531502066,AF,-0.46875,-0.0155997934265
87,A2,0.6694478912,33,0.6875,0.0180521088466
87,A3,0.9604892652,37,0.9375,-0.0229892652068
87,B0,-0.5125381878,B0,-0.5,0.0125381878497
87,B1,0.1025301538,1D,0.1015625,-0.000967653760939
87,B2,-0.2328279735,A7,-0.234375,-0.0015470264943
87,B3,0.8437362999,35,0.8125,-0.0312362998631
87,C0,0.0164817832,08,0.015625,-0.000856783185788
88,A0,0.7586525103,34,0.75,-0.00865251029295
88,A1,0.7280538689,34,0.75,0.0219461311428
88,A2,-0.4475051944,AE,-0.4375,0.0100051943559
88,A3,0.5800123640,31,0.5625,-0.0175123640062
88,B0,-0.1701151529,A3,-0.171875,-0.00175984710269
88,B1,0.8684967874,36,0.875,0.00650321263496
88,B2,0.0154753516,08,0.015625,0.000149648380687
88,B3,0.6410989464,32,0.625,-0.0160989463712
88,C0,-0.4343220334,AE,-0.4375,-0.00317796656565
89,A0,-0.4028883005,AD,-0.40625,-0.00336169954353
89,A1,0.1738754448,23,0.171875,-0.00200044482832
89,A2,0.9978046665,38,1,0.00219533354132
89,A3,-0.0207193067,8B,-0.021484375,-0.000765068311402
89,B0,-0.7028091632,B3,-0.6875,0.0153091632344
89,B1,0.0771611554,1A,0.078125,0.000963844592253
89,B2,-0.3097521166,AA,-0.3125,-0.00274788338602
89,B3,0.1038348341,1D,0.1015625,-0.00227233414162
89,C0,0.0868601259,1B,0.0859375,-0.000922625917346
90,A0,-0.0893107663,9B,-0.0859375,0.003373266267
90,A1,-0.3564452995,AB,-0.34375,0.0126952995419
90,A2,-0.6226952526,B2,-0.625,-0.00230474741421
90,A3,0.3949968552,2D,0.40625,0.0112531447589
90,B0,0.1435952840,21,0.140625,-0.0029702839698
90,B1,-0.5328751079,B1,-0.5625,-0.0296248921158
90,B2,0.5510889502,31,0.5625,0.0114110498015
90,B3,-0.9127054018,B7,-0.9375,-0.0247945981946
90,C0,0.4894103031,30,0.5,0.0105896968696
91,A0,0.4104557621,2D,0.40625,-0.00420576205001
91,A1,0.6228178051,32,0.625,0.00218219487025
91,A2,-0.2278424950,A7,-0.234375,-0.00653250498196
91,A3,0.3273776590,2A,0.3125,-0.0148776589691
91,B0,0.6414951034,32,0.625,-0.0164951034191
91,B1,0.9616362773,37,0.9375,-0.0241362773196
91,B2,-0.0093427008,85,-0.009765625,-0.000422924232847
91,B3,-0.9259607773,B7,-0.9375,-0.0115392226912
91,C0,0.0045823003,02,0.00390625,-0.000676050265932
92,A0,0.1803608586,24,0.1875,0.00713914138087
92,A1,0.7394006267,34,0.75,0.0105993732756
92,A2,0.7483807481,34,0.75,0.00161925189138
92,A3,-0.1193875805,9F,-0.1171875,0.00220008045865
92,B0,0.0519021736,15,0.05078125,-0.00112092361512
92,B1,-0.0861438511,9B,-0.0859375,0.000206351051516
92,B2,0.4448876551,2E,0.4375,-0.00738765514129
92,B3,-0.1800427605,A4,-0.1875,-0.00745723949273
92,C0,0.3095626529,2A,0.3125,0.00293734714453
93,A0,-0.6912775625,B3,-0.6875,0.0037775624569
93,A1,-0.0610187980,98,-0.0625,-0.00148120196946
93,A2,0.9384072611,37,0.9375,-0.000907261148434
93,A3,-0.3228775319,AA,-0.3125,0.0103775318971
93,B0,0.3854091972,2C,0.375,-0.0104091971738
93,B1,0.2996733052,2A,0.3125,0.0128266948415
93,B2,0.7035305847,33,0.6875,-0.0160305847014
93,B3,0.7046826731,33,0.6875,-0.0171826731318
93,C0,0.7186843683,33,0.6875,-0.0311843683365
94,A0,-0.2399812050,A7,-0.234375,0.00560620495469
94,A1,-0.3666776921,AC,-0.375,-0.0083223078668
94,A2,0.4374348504,2E,0.4375,6.5149554034e-05
94,A3,0.5188036187,30,0.5,-0.0188036186687
94,B0,0.7447660348,34,0.75,0.00523396520293
94,B1,-0.9282018003,B7,-0.9375,-0.00929819967537
94,B2,-0.8631585056,B6,-0.875,-0.0118414943631
94,B3,0.2623220337,28,0.25,-0.0123220337093
94,C0,0.8418581976,35,0.8125,-0.0293581975606
95,A0,0.9948518459,38,1,0.00514815408757
95,A1,0.4935327335,30,0.5,0.00646726652415
95,A2,-0.1320570562,A0,-0.125,0.00705705615375
95,A3,-0.8031137472,B5,-0.8125,-0.0093862527664
95,B0,0.2674956576,29,0.28125,0.0137543424384
95,B1,0.7451584652,34,0.75,0.00484153478582
95,B2,-0.1126428967,9E,-0.109375,0.00326789667659
95,B3,0.3880023256,2C,0.375,-0.0130023255865
95,C0,0.8068481241,35,0.8125,0.00565187589903
96,A0,-0.9080180626,B7,-0.9375,-0.0294819373544
96,A1,0.5922869303,31,0.5625,-0.0297869303244
96,A2,-0.4132644481,AD,-0.40625,0.00701444806958
96,A3,-0.2503178204,A8,-0.25,0.00031782044937
96,B0,-0.7088604086,B3,-0.6875,0.0213604086012
96,B1,0.0623326363,18,0.0625,0.00016736370248
96,B2,0.1318561238,20,0.125,-0.00685612383187
96,B3,0.5850389478,31,0.5625,-0.0225389477619
96,C0,-0.6600327019,B3,-0.6875,-0.0274672981362
97,A0,-0.8420632987,B5,-0.8125,0.02956329868
97,A1,0.7416791973,34,0.75,0.00832080271029
97,A2,0.2394207371,27,0.234375,-0.00504573707483
97,A3,-0.5183404163,B0,-0.5,0.0183404162874
97,B0,0.8256580320,35,0.8125,-0.0131580320471
97,B1,-0.7137645597,B3,-0.6875,0.026264559743
97,B2,-0.0777001733,9A,-0.078125,-0.000424826709995
97,B3,-0.4920453212,B0,-0.5,-0.00795467882708
97,C0,-0.4893465837,B0,-0.5,-0.0106534163183
98,A0,-0.9812051371,B8,-1,-0.0187948629097
98,A1,0.6092661540,32,0.625,0.0157338460497
98,A2,0.8024188472,35,0.8125,0.0100811528022
98,A3,0.3552217714,2B,0.34375,-0.0114717713982
98,B0,-0.6840487559,B3,-0.6875,-0.00345124414357
98,B1,-0.1165404328,9F,-0.1171875,-0.000647067207629
98,B2,-0.3088687511,AA,-0.3125,-0.00363124888616
98,B3,0.1751434103,23,0.171875,-0.00326841025284
98,C0,0.2778774047,29,0.28125,0.00337259527998
99,A0,-0.1513821231,A2,-0.15625,-0.0048678769218
99,A1,-0.4998035512,B0,-0.5,-0.000196448815402
99,A2,0.6906078503,33,0.6875,-0.0031078502852
99,A3,-0.6015660018,B2,-0.625,-0.0234339982178
99,B0,-0.2306135021,A7,-0.234375,-0.00376149793469
99,B1,-0.0335838779,91,-0.03515625,-0.00157237211843
99,B2,-0.5255885961,B0,-0.5,0.0255885961449
99,B3,0.1438453847,21,0.140625,-0.00322038470148
99,C0,0.1496238604,22,0.15625,0.00662613964271
