vector_id,label,width_bits,fraction_bits,original,signed_raw,encoded_hex,decoded_fixed,quantization_error
0,A0,8,5,0.2788535969,9,09,0.28125,0.0023964031
0,A1,8,5,-0.9499784896,-30,E2,-0.9375,0.0124784896
0,A2,8,5,-0.4499413633,-14,F2,-0.4375,0.0124413633
0,A3,8,5,-0.5535785237,-18,EE,-0.5625,-0.0089214763
0,B0,8,5,0.4729424283,15,0F,0.46875,-0.0041924283
0,B1,8,5,0.3533989748,11,0B,0.34375,-0.0096489748
0,B2,8,5,0.7843591354,25,19,0.78125,-0.0031091354
0,B3,8,5,-0.8261223347,-26,E6,-0.8125,0.0136223347
0,C0,16,10,-0.1561563606,-160,FF60,-0.15625,-9.36394e-05
1,A0,8,5,-0.9404055611,-30,E2,-0.9375,0.0029055611
1,A1,8,5,-0.5627240504,-18,EE,-0.5625,0.0002240504
1,A2,8,5,0.0107105762,0,00,0,-0.0107105762
1,A3,8,5,-0.9469280606,-30,E2,-0.9375,0.0094280606
1,B0,8,5,-0.6023246986,-19,ED,-0.59375,0.0085746986
1,B1,8,5,0.2997688756,10,0A,0.3125,0.0127311244
1,B2,8,5,0.0898829612,3,03,0.09375,0.0038670388
1,B3,8,5,-0.5591187559,-18,EE,-0.5625,-0.0033812441
1,C0,16,10,0.1785313678,183,00B7,0.1787109375,0.0001795697
2,A0,8,5,0.6188609134,20,14,0.625,0.0061390866
2,A1,8,5,-0.9870024806,-32,E0,-1,-0.0129975194
2,A2,8,5,0.6116385037,20,14,0.625,0.0133614963
2,A3,8,5,0.3962787900,13,0D,0.40625,0.00997121
2,B0,8,5,-0.3194989670,-10,F6,-0.3125,0.006998967
2,B1,8,5,-0.6890410004,-22,EA,-0.6875,0.0015410004
2,B2,8,5,0.9144261444,29,1D,0.90625,-0.0081761444
2,B3,8,5,-0.3268109098,-10,F6,-0.3125,0.0143109098
2,C0,16,10,-0.8145083132,-834,FCBE,-0.814453125,5.51881999999e-05
3,A0,8,5,-0.8065672463,-26,E6,-0.8125,-0.0059327537
3,A1,8,5,0.6949887327,22,16,0.6875,-0.0074887327
3,A2,8,5,0.2074520627,7,07,0.21875,0.0112979373
3,A3,8,5,0.6142565465,20,14,0.625,0.0107434535
3,B0,8,5,0.4594635734,15,0F,0.46875,0.0092864266
3,B1,8,5,0.0724561829,2,02,0.0625,-0.0099561829
3,B2,8,5,0.9462315280,30,1E,0.9375,-0.008731528
3,B3,8,5,-0.2429312456,-8,F8,-0.25,-0.0070687544
3,C0,16,10,0.1040812625,107,006B,0.1044921875,0.000410925
4,A0,8,5,0.6588093285,21,15,0.65625,-0.0025593285
4,A1,8,5,0.2370395047,8,08,0.25,0.0129604953
4,A2,8,5,0.7234138006,23,17,0.71875,-0.0046638006
4,A3,8,5,0.1547042905,5,05,0.15625,0.0015457095
4,B0,8,5,0.4091436724,13,0D,0.40625,-0.0028936724
4,B1,8,5,-0.9083512327,-29,E3,-0.90625,0.0021012327
4,B2,8,5,-0.5442034487,-17,EF,-0.53125,0.0129534487
4,B3,8,5,-0.4212240728,-13,F3,-0.40625,0.0149740728
4,C0,16,10,-0.8404160462,-861,FCA3,-0.8408203125,-0.0004042663
5,A0,8,5,-0.5344182273,-17,EF,-0.53125,0.0031682273
5,A1,8,5,-0.7979971412,-26,E6,-0.8125,-0.0145028588
5,A2,8,5,-0.4440527938,-14,F2,-0.4375,0.0065527938
5,A3,8,5,0.2713688885,9,09,0.28125,0.0098811115
5,B0,8,5,-0.2703356421,-9,F7,-0.28125,-0.0109143579
5,B1,8,5,-0.2596380658,-8,F8,-0.25,0.0096380658
5,B2,8,5,-0.5809859385,-19,ED,-0.59375,-0.0127640615
5,B3,8,5,-0.4660443559,-15,F1,-0.46875,-0.0027056441
5,C0,16,10,0.8733091754,894,037E,0.873046875,-0.0002623004
6,A0,8,5,0.2960707705,9,09,0.28125,-0.0148207705
6,A1,8,5,0.2182620113,7,07,0.21875,0.0004879887
6,A2,8,5,-0.6577227036,-21,EB,-0.65625,0.0014727036
6,A3,8,5,0.4582535959,15,0F,0.46875,0.0104964041
6,B0,8,5,-0.6731950125,-22,EA,-0.6875,-0.0143049875
6,B1,8,5,-0.2410891165,-8,F8,-0.25,-0.0089108835
6,B2,8,5,0.9790467013,31,1F,0.96875,-0.0102967013
6,B3,8,5,0.2799995197,9,09,0.28125,0.0012504803
6,C0,16,10,0.1138994875,117,0075,0.1142578125,0.000358325
7,A0,8,5,0.3692285020,12,0C,0.375,0.005771498
7,A1,8,5,0.6857038404,22,16,0.6875,0.0017961596
7,A2,8,5,0.5519998231,18,12,0.5625,0.0105001769
7,A3,8,5,-0.5419038561,-17,EF,-0.53125,0.0106538561
7,B0,8,5,-0.9357995122,-30,E2,-0.9375,-0.0017004878
7,B1,8,5,-0.3690939039,-12,F4,-0.375,-0.0059060961
7,B2,8,5,-0.4645182480,-15,F1,-0.46875,-0.004231752
7,B3,8,5,-0.5780343128,-18,EE,-0.5625,0.0155343128
7,C0,16,10,0.8858194287,907,038B,0.8857421875,-7.72412e-05
8,A0,8,5,0.7527352529,24,18,0.75,-0.0027352529
8,A1,8,5,-0.3706442384,-12,F4,-0.375,-0.0043557616
8,A2,8,5,0.3108773306,10,0A,0.3125,0.0016226694
8,A3,8,5,-0.2087361979,-7,F9,-0.21875,-0.0100138021
8,B0,8,5,0.8290951795,27,1B,0.84375,0.0146548205
8,B1,8,5,-0.0822962948,-3,FD,-0.09375,-0.0114537052
8,B2,8,5,-0.4702396670,-15,F1,-0.46875,0.001489667
8,B3,8,5,-0.5067449846,-16,F0,-0.5,0.0067449846
8,C0,16,10,0.1227362683,126,007E,0.123046875,0.0003106067
9,A0,8,5,-0.4745167830,-15,F1,-0.46875,0.005766783
9,A1,8,5,0.1691719804,5,05,0.15625,-0.0129219804
9,A2,8,5,0.7956457672,25,19,0.78125,-0.0143957672
9,A3,8,5,-0.2011989897,-6,FA,-0.1875,0.0136989897
9,B0,8,5,-0.5613584817,-18,EE,-0.5625,-0.0011415183
9,B1,8,5,0.9950752130,32,20,1,0.004924787
9,B2,8,5,0.0190525874,1,01,0.03125,0.0121974126
9,B3,8,5,-0.8181811757,-26,E6,-0.8125,0.0056811757
9,C0,16,10,-0.9057672492,-928,FC60,-0.90625,-0.0004827508
10,A0,8,5,-0.7807017393,-25,E7,-0.78125,-0.0005482607
10,A1,8,5,0.2548920834,8,08,0.25,-0.0048920834
10,A2,8,5,0.5841587287,19,13,0.59375,0.0095912713
10,A3,8,5,-0.1556800664,-5,FB,-0.15625,-0.0005699336
10,B0,8,5,-0.8729445877,-28,E4,-0.875,-0.0020554123
10,B1,8,5,-0.2367614270,-8,F8,-0.25,-0.013238573
10,B2,8,5,0.9922427605,32,20,1,0.0077572395
10,B3,8,5,0.0582286902,2,02,0.0625,0.0042713098
10,C0,16,10,0.9421567552,965,03C5,0.9423828125,0.0002260573
11,A0,8,5,0.7215594045,23,17,0.71875,-0.0028094045
11,A1,8,5,-0.9770379561,-31,E1,-0.96875,0.0082879561
11,A2,8,5,0.4414436387,14,0E,0.4375,-0.0039436387
11,A3,8,5,0.3634207381,12,0C,0.375,0.0115792619
11,B0,8,5,0.0739406608,2,02,0.0625,-0.0114406608
11,B1,8,5,-0.4663496201,-15,F1,-0.46875,-0.0024003799
11,B2,8,5,0.2819235972,9,09,0.28125,-0.0006735972
11,B3,8,5,-0.7768956528,-25,E7,-0.78125,-0.0043543472
11,C0,16,10,-0.1304694987,-134,FF7A,-0.130859375,-0.0003898763
12,A0,8,5,-0.0925525873,-3,FD,-0.09375,-0.0011974127
12,A1,8,5,0.9076318550,29,1D,0.90625,-0.001381855
12,A2,8,5,0.7517058808,24,18,0.75,-0.0017058808
12,A3,8,5,-0.4732218985,-15,F1,-0.46875,0.0044718985
12,B0,8,5,0.0011722261,0,00,0,-0.0011722261
12,B1,8,5,-0.6426962389,-21,EB,-0.65625,-0.0135537611
12,B2,8,5,0.8252556787,26,1A,0.8125,-0.0127556787
12,B3,8,5,0.7410371397,24,18,0.75,0.0089628603
12,C0,16,10,-0.4031104171,-413,FE63,-0.4033203125,-0.0002098954
13,A0,8,5,0.2778989897,9,09,0.28125,0.0033510103
13,A1,8,5,0.2179404229,7,07,0.21875,0.0008095771
13,A2,8,5,-0.6943214629,-22,EA,-0.6875,0.0068214629
13,A3,8,5,0.5250216002,17,11,0.53125,0.0062283998
13,B0,8,5,0.0787580602,3,03,0.09375,0.0149919398
13,B1,8,5,0.5572529573,18,12,0.5625,0.0052470427
13,B2,8,5,0.0607073444,2,02,0.0625,0.0017926556
13,B3,8,5,-0.9988562077,-32,E0,-1,-0.0011437923
13,C0,16,10,-0.3516878860,-360,FE98,-0.3515625,0.000125386
14,A0,8,5,-0.9610465152,-31,E1,-0.96875,-0.0077034848
14,A1,8,5,0.8581972325,27,1B,0.84375,-0.0144472325
14,A2,8,5,0.7574437556,24,18,0.75,-0.0074437556
14,A3,8,5,0.6633310587,21,15,0.65625,-0.0070810587
14,B0,8,5,-0.3849717492,-12,F4,-0.375,0.0099717492
14,B1,8,5,-0.8841496670,-28,E4,-0.875,0.009149667
14,B2,8,5,0.7560191984,24,18,0.75,-0.0060191984
14,B3,8,5,0.8938988906,29,1D,0.90625,0.0123511094
14,C0,16,10,-0.8286930959,-849,FCAF,-0.8291015625,-0.0004084666
15,A0,8,5,-0.0280190734,-1,FF,-0.03125,-0.0032309266
15,A1,8,5,-0.8615749631,-28,E4,-0.875,-0.0134250369
15,A2,8,5,0.5212043305,17,11,0.53125,0.0100456695
15,A3,8,5,0.5316688586,17,11,0.53125,-0.0004188586
15,B0,8,5,-0.7432170710,-24,E8,-0.75,-0.006782929
15,B1,8,5,-0.0494352438,-2,FE,-0.0625,-0.0130647562
15,B2,8,5,0.0996071870,3,03,0.09375,-0.005857187
15,B3,8,5,-0.4698867421,-15,F1,-0.46875,0.0011367421
15,C0,16,10,0.7448660822,763,02FB,0.7451171875,0.0002511053
16,A0,8,5,-0.1537241196,-5,FB,-0.15625,-0.0025258804
16,A1,8,5,-0.5764035891,-18,EE,-0.5625,0.0139035891
16,A2,8,5,0.0785921776,3,03,0.09375,0.0151578224
16,A3,8,5,0.4598621382,15,0F,0.46875,0.0088878618
16,B0,8,5,-0.5976978732,-19,ED,-0.59375,0.0039478732
16,B1,8,5,-0.3765674174,-12,F4,-0.375,0.0015674174
16,B2,8,5,0.9902987133,32,20,1,0.0097012867
16,B3,8,5,0.2997561153,10,0A,0.3125,0.0127438847
16,C0,16,10,-0.1237998322,-127,FF81,-0.1240234375,-0.0002236053
17,A0,8,5,0.0351516821,1,01,0.03125,-0.0039016821
17,A1,8,5,-0.7579916083,-24,E8,-0.75,0.0079916083
17,A2,8,5,-0.5506053259,-18,EE,-0.5625,-0.0118946741
17,A3,8,5,-0.3238288757,-10,F6,-0.3125,0.0113288757
17,B0,8,5,0.1766174369,6,06,0.1875,0.0108825631
17,B1,8,5,-0.5397705348,-17,EF,-0.53125,0.0085205348
17,B2,8,5,-0.5595652311,-18,EE,-0.5625,-0.0029347689
17,B3,8,5,-0.8580138280,-27,E5,-0.84375,0.014263828
17,C0,16,10,0.2622059145,268,010C,0.26171875,-0.0004871645
18,A0,8,5,-0.5421164324,-17,EF,-0.53125,0.0108664324
18,A1,8,5,0.8108400260,26,1A,0.8125,0.001659974
18,A2,8,5,0.7192708005,23,17,0.71875,-0.0005208005
18,A3,8,5,-0.8582853002,-27,E5,-0.84375,0.0145353002
18,B0,8,5,-0.5239907313,-17,EF,-0.53125,-0.0072592687
18,B1,8,5,0.3379555566,11,0B,0.34375,0.0057944434
18,B2,8,5,-0.5715263853,-18,EE,-0.5625,0.0090263853
18,B3,8,5,-0.7353763025,-24,E8,-0.75,-0.0146236975
18,C0,16,10,0.8710284812,892,037C,0.87109375,6.52688e-05
19,A0,8,5,0.1420861867,5,05,0.15625,0.0141638133
19,A1,8,5,-0.0546579474,-2,FE,-0.0625,-0.0078420526
19,A2,8,5,0.5692388486,18,12,0.5625,-0.0067388486
19,A3,8,5,0.6149939955,20,14,0.625,0.0100060045
19,B0,8,5,-0.6191801713,-20,EC,-0.625,-0.0058198287
19,B1,8,5,-0.8061383715,-26,E6,-0.8125,-0.0063616285
19,B2,8,5,-0.1378976352,-4,FC,-0.125,0.0128976352
19,B3,8,5,-0.1528427540,-5,FB,-0.15625,-0.003407246
19,C0,16,10,-0.0659506639,-68,FFBC,-0.06640625,-0.0004555861
20,A0,8,5,0.4581516989,15,0F,0.46875,0.0105983011
20,A1,8,5,0.3467290946,11,0B,0.34375,-0.0029790946
20,A2,8,5,0.9683304227,31,1F,0.96875,0.0004195773
20,A3,8,5,-0.8031642577,-26,E6,-0.8125,-0.0093357423
20,B0,8,5,-0.1947574358,-6,FA,-0.1875,0.0072574358
20,B1,8,5,-0.3213947892,-10,F6,-0.3125,0.0088947892
20,B2,8,5,0.7233450727,23,17,0.71875,-0.0045950727
20,B3,8,5,-0.5026873322,-16,F0,-0.5,0.0026873322
20,C0,16,10,-0.6195821831,-634,FD86,-0.619140625,0.0004415581
21,A0,8,5,-0.1027729043,-3,FD,-0.09375,0.0090229043
21,A1,8,5,-0.1562367203,-5,FB,-0.15625,-1.32797e-05
21,A2,8,5,-0.4429097107,-14,F2,-0.4375,0.0054097107
21,A3,8,5,-0.5003871042,-16,F0,-0.5,0.0003871042
21,B0,8,5,0.8465311986,27,1B,0.84375,-0.0027811986
21,B1,8,5,-0.1137385099,-4,FC,-0.125,-0.0112614901
21,B2,8,5,0.7226982095,23,17,0.71875,-0.0039482095
21,B3,8,5,0.1006506249,3,03,0.09375,-0.0069006249
21,C0,16,10,-0.8988233410,-920,FC68,-0.8984375,0.000385841
22,A0,8,5,0.9985649368,32,20,1,0.0014350632
22,A1,8,5,0.6720551702,22,16,0.6875,0.0154448298
22,A2,8,5,0.9379925146,30,1E,0.9375,-0.0004925146
22,A3,8,5,0.8527339660,27,1B,0.84375,-0.008983966
22,B0,8,5,0.6973914688,22,16,0.6875,-0.0098914688
22,B1,8,5,-0.6673777788,-21,EB,-0.65625,0.0111277788
22,B2,8,5,-0.0287177491,-1,FF,-0.03125,-0.0025322509
22,B3,8,5,-0.5725054016,-18,EE,-0.5625,0.0100054016
22,C0,16,10,-0.1979194149,-203,FF35,-0.1982421875,-0.0003227726
23,A0,8,5,-0.8827292001,-28,E4,-0.875,0.0077292001
23,A1,8,5,-0.2420537620,-8,F8,-0.25,-0.007946238
23,A2,8,5,0.9706176876,31,1F,0.96875,-0.0018676876
23,A3,8,5,-0.4695938837,-15,F1,-0.46875,0.0008438837
23,B0,8,5,0.5681412039,18,12,0.5625,-0.0056412039
23,B1,8,5,-0.0899832653,-3,FD,-0.09375,-0.0037667347
23,B2,8,5,-0.1539850280,-5,FB,-0.15625,-0.002264972
23,B3,8,5,0.9146352817,29,1D,0.90625,-0.0083852817
23,C0,16,10,0.9908453790,1015,03F7,0.9912109375,0.0003655585
24,A0,8,5,0.1115366468,4,04,0.125,0.0134633532
24,A1,8,5,0.4368165506,14,0E,0.4375,0.0006834494
24,A2,8,5,-0.6904063495,-22,EA,-0.6875,0.0029063495
24,A3,8,5,-0.4065843490,-13,F3,-0.40625,0.000334349
24,B0,8,5,0.9374187299,30,1E,0.9375,8.12701e-05
24,B1,8,5,0.1583605816,5,05,0.15625,-0.0021105816
24,B2,8,5,0.0843904027,3,03,0.09375,0.0093595973
24,B3,8,5,0.4959511208,16,10,0.5,0.0040488792
24,C0,16,10,-0.8856694542,-907,FC75,-0.8857421875,-7.27333e-05
25,A0,8,5,0.1683551889,5,05,0.15625,-0.0121051889
25,A1,8,5,0.0057007658,0,00,0,-0.0057007658
25,A2,8,5,0.7054397841,23,17,0.71875,0.0133102159
25,A3,8,5,-0.6851345441,-22,EA,-0.6875,-0.0023654559
25,B0,8,5,0.9215578065,29,1D,0.90625,-0.0153078065
25,B1,8,5,-0.8397770695,-27,E5,-0.84375,-0.0039729305
25,B2,8,5,-0.6283500780,-20,EC,-0.625,0.003350078
25,B3,8,5,0.1900702129,6,06,0.1875,-0.0025702129
25,C0,16,10,0.3504251072,359,0167,0.3505859375,0.0001608303
26,A0,8,5,-0.5295922100,-17,EF,-0.53125,-0.00165779
26,A1,8,5,-0.7602267721,-24,E8,-0.75,0.0102267721
26,A2,8,5,0.7805746283,25,19,0.78125,0.0006753717
26,A3,8,5,-0.5075693044,-16,F0,-0.5,0.0075693044
26,B0,8,5,0.1890383071,6,06,0.1875,-0.0015383071
26,B1,8,5,0.2387630207,8,08,0.25,0.0112369793
26,B2,8,5,-0.1615501693,-5,FB,-0.15625,0.0053001693
26,B3,8,5,0.1673445786,5,05,0.15625,-0.0110945786
26,C0,16,10,0.0455654311,47,002F,0.0458984375,0.0003330064
27,A0,8,5,0.8694125155,28,1C,0.875,0.0055874845
27,A1,8,5,-0.5914816012,-19,ED,-0.59375,-0.0022683988
27,A2,8,5,0.4323836016,14,0E,0.4375,0.0051163984
27,A3,8,5,-0.5226280948,-17,EF,-0.53125,-0.0086219052
27,B0,8,5,-0.2084283064,-7,F9,-0.21875,-0.0103216936
27,B1,8,5,0.3433804459,11,0B,0.34375,0.0003695541
27,B2,8,5,-0.4000058404,-13,F3,-0.40625,-0.0062441596
27,B3,8,5,-0.3676456075,-12,F4,-0.375,-0.0073543925
27,C0,16,10,0.5037289848,516,0204,0.50390625,0.0001772652
28,A0,8,5,-0.8549137710,-27,E5,-0.84375,0.011163771
28,A1,8,5,-0.0834289548,-3,FD,-0.09375,-0.0103210452
28,A2,8,5,0.9969088817,32,20,1,0.0030911183
28,A3,8,5,0.9921928957,32,20,1,0.0078071043
28,B0,8,5,-0.8534785578,-27,E5,-0.84375,0.0097285578
28,B1,8,5,-0.5736913755,-18,EE,-0.5625,0.0111913755
28,B2,8,5,-0.4695991705,-15,F1,-0.46875,0.0008491705
28,B3,8,5,0.8665187560,28,1C,0.875,0.008481244
28,C0,16,10,0.7617283474,780,030C,0.76171875,-9.59739999995e-06
29,A0,8,5,0.7585404850,24,18,0.75,-0.008540485
29,A1,8,5,-0.2609458225,-8,F8,-0.25,0.0109458225
29,A2,8,5,-0.6845063353,-22,EA,-0.6875,-0.0029936647
29,A3,8,5,0.6674899093,21,15,0.65625,-0.0112399093
29,B0,8,5,0.4070798502,13,0D,0.40625,-0.0008298502
29,B1,8,5,0.2233555315,7,07,0.21875,-0.0046055315
29,B2,8,5,0.9744661273,31,1F,0.96875,-0.0057161273
29,B3,8,5,0.3079526354,10,0A,0.3125,0.0045473646
29,C0,16,10,-0.9843537857,-1008,FC10,-0.984375,-2.12143e-05
30,A0,8,5,0.6342082702,20,14,0.625,-0.0092082702
30,A1,8,5,-0.4012424956,-13,F3,-0.40625,-0.0050075044
30,A2,8,5,0.3267774299,10,0A,0.3125,-0.0142774299
30,A3,8,5,0.8778600079,28,1C,0.875,-0.0028600079
30,B0,8,5,-0.7314177712,-23,E9,-0.71875,0.0126677712
30,B1,8,5,-0.7691426592,-25,E7,-0.78125,-0.0121073408
30,B2,8,5,-0.7859280446,-25,E7,-0.78125,0.0046780446
30,B3,8,5,0.1064472818,3,03,0.09375,-0.0126972818
30,C0,16,10,-0.4553035754,-466,FE2E,-0.455078125,0.0002254504
31,A0,8,5,0.2096596541,7,07,0.21875,0.0090903459
31,A1,8,5,0.4352243743,14,0E,0.4375,0.0022756257
31,A2,8,5,-0.5928053753,-19,ED,-0.59375,-0.0009446247
31,A3,8,5,0.2684759178,9,09,0.28125,0.0127740822
31,B0,8,5,-0.4720321967,-15,F1,-0.46875,0.0032821967
31,B1,8,5,-0.0229362957,-1,FF,-0.03125,-0.0083137043
31,B2,8,5,0.8106729822,26,1A,0.8125,0.0018270178
31,B3,8,5,0.6922074266,22,16,0.6875,-0.0047074266
31,C0,16,10,-0.8154030646,-835,FCBD,-0.8154296875,-2.66229e-05
32,A0,8,5,-0.1528484549,-5,FB,-0.15625,-0.0034015451
32,A1,8,5,-0.4466395521,-14,F2,-0.4375,0.0091395521
32,A2,8,5,-0.9929086218,-32,E0,-1,-0.0070913782
32,A3,8,5,0.5422384460,17,11,0.53125,-0.010988446
32,B0,8,5,0.2742267546,9,09,0.28125,0.0070232454
32,B1,8,5,-0.4760894751,-15,F1,-0.46875,0.0073394751
32,B2,8,5,0.4824618167,15,0F,0.46875,-0.0137118167
32,B3,8,5,0.1033608423,3,03,0.09375,-0.0096108423
32,C0,16,10,-0.1446261620,-148,FF6C,-0.14453125,9.4912e-05
33,A0,8,5,-0.9806606008,-31,E1,-0.96875,0.0119106008
33,A1,8,5,-0.8495122799,-27,E5,-0.84375,0.0057622799
33,A2,8,5,0.7662127866,25,19,0.78125,0.0150372134
33,A3,8,5,0.8078571431,26,1A,0.8125,0.0046428569
33,B0,8,5,0.0911805784,3,03,0.09375,0.0025694216
33,B1,8,5,0.6691900398,21,15,0.65625,-0.0129400398
33,B2,8,5,0.1650191330,5,05,0.15625,-0.008769133
33,B3,8,5,-0.7038124289,-23,E9,-0.71875,-0.0149375711
33,C0,16,10,-0.7451089614,-763,FD05,-0.7451171875,-8.22609999995e-06
34,A0,8,5,-0.3834833001,-12,F4,-0.375,0.0084833001
34,A1,8,5,0.7979629775,26,1A,0.8125,0.0145370225
34,A2,8,5,0.5922446098,19,13,0.59375,0.0015053902
34,A3,8,5,0.7214051640,23,17,0.71875,-0.002655164
34,B0,8,5,0.7978492731,26,1A,0.8125,0.0146507269
34,B1,8,5,-0.5798469233,-19,ED,-0.59375,-0.0139030767
34,B2,8,5,-0.5009405216,-16,F0,-0.5,0.0009405216
34,B3,8,5,-0.7944127567,-25,E7,-0.78125,0.0131627567
34,C0,16,10,0.5602324837,574,023E,0.560546875,0.0003143913
35,A0,8,5,0.7682694029,25,19,0.78125,0.0129805971
35,A1,8,5,-0.1872452203,-6,FA,-0.1875,-0.0002547797
35,A2,8,5,0.2413230203,8,08,0.25,0.0086769797
35,A3,8,5,-0.6908933233,-22,EA,-0.6875,0.0033933233
35,B0,8,5,0.8597620314,28,1C,0.875,0.0152379686
35,B1,8,5,0.7292113924,23,17,0.71875,-0.0104613924
35,B2,8,5,0.9524120659,30,1E,0.9375,-0.0149120659
35,B3,8,5,0.6215434399,20,14,0.625,0.0034565601
35,C0,16,10,0.7628324093,781,030D,0.7626953125,-0.0001370968
36,A0,8,5,-0.9504272762,-30,E2,-0.9375,0.0129272762
36,A1,8,5,0.4731289435,15,0F,0.46875,-0.0043789435
36,A2,8,5,-0.3356290641,-11,F5,-0.34375,-0.0081209359
36,A3,8,5,0.8616317721,28,1C,0.875,0.0133682279
36,B0,8,5,0.6044702779,19,13,0.59375,-0.0107202779
36,B1,8,5,0.7281280568,23,17,0.71875,-0.0093780568
36,B2,8,5,0.6214986331,20,14,0.625,0.0035013669
36,B3,8,5,-0.4663885808,-15,F1,-0.46875,-0.0023614192
36,C0,16,10,0.5747490183,589,024D,0.5751953125,0.0004462942
37,A0,8,5,-0.7838087472,-25,E7,-0.78125,0.0025587472
37,A1,8,5,0.7443335658,24,18,0.75,0.0056664342
37,A2,8,5,0.7171865027,23,17,0.71875,0.0015634973
37,A3,8,5,-0.5551325649,-18,EE,-0.5625,-0.0073674351
37,B0,8,5,0.6331732112,20,14,0.625,-0.0081732112
37,B1,8,5,-0.0793935306,-3,FD,-0.09375,-0.0143564694
37,B2,8,5,-0.3896182653,-12,F4,-0.375,0.0146182653
37,B3,8,5,0.5906909983,19,13,0.59375,0.0030590017
37,C0,16,10,-0.5448090252,-558,FDD2,-0.544921875,-0.0001128498
38,A0,8,5,-0.9526711306,-30,E2,-0.9375,0.0151711306
38,A1,8,5,-0.6137404233,-20,EC,-0.625,-0.0112595767
38,A2,8,5,-0.3434760976,-11,F5,-0.34375,-0.0002739024
38,A3,8,5,0.7287058841,23,17,0.71875,-0.0099558841
38,B0,8,5,0.9337782081,30,1E,0.9375,0.0037217919
38,B1,8,5,-0.4417500146,-14,F2,-0.4375,0.0042500146
38,B2,8,5,0.2829634772,9,09,0.28125,-0.0017134772
38,B3,8,5,-0.2006432313,-6,FA,-0.1875,0.0131432313
38,C0,16,10,0.9622993744,985,03D9,0.9619140625,-0.0003853119
39,A0,8,5,0.0724314650,2,02,0.0625,-0.009931465
39,A1,8,5,0.8784742806,28,1C,0.875,-0.0034742806
39,A2,8,5,-0.7693164963,-25,E7,-0.78125,-0.0119335037
39,A3,8,5,0.9408012220,30,1E,0.9375,-0.003301222
39,B0,8,5,-0.6428643677,-21,EB,-0.65625,-0.0133856323
39,B1,8,5,0.9250686315,30,1E,0.9375,0.0124313685
39,B2,8,5,-0.4690672750,-15,F1,-0.46875,0.000317275
39,B3,8,5,-0.7831949056,-25,E7,-0.78125,0.0019449056
39,C0,16,10,-0.1308724829,-134,FF7A,-0.130859375,1.31079e-05
40,A0,8,5,0.4570901213,15,0F,0.46875,0.0116598787
40,A1,8,5,-0.3726453716,-12,F4,-0.375,-0.0023546284
40,A2,8,5,0.2124177066,7,07,0.21875,0.0063322934
40,A3,8,5,0.0228461193,1,01,0.03125,0.0084038807
40,B0,8,5,-0.2296091333,-7,F9,-0.21875,0.0108591333
40,B1,8,5,0.1531760870,5,05,0.15625,0.003073913
40,B2,8,5,-0.4905549877,-16,F0,-0.5,-0.0094450123
40,B3,8,5,0.4175705677,13,0D,0.40625,-0.0113205677
40,C0,16,10,-0.9966174436,-1021,FC03,-0.9970703125,-0.0004528689
41,A0,8,5,0.8511503310,27,1B,0.84375,-0.007400331
41,A1,8,5,0.0769039942,2,02,0.0625,-0.0144039942
41,A2,8,5,0.4388599983,14,0E,0.4375,-0.0013599983
41,A3,8,5,0.4839001557,15,0F,0.46875,-0.0151501557
41,B0,8,5,0.3412570089,11,0B,0.34375,0.0024929911
41,B1,8,5,-0.2715570564,-9,F7,-0.28125,-0.0096929436
41,B2,8,5,-0.8600523777,-28,E4,-0.875,-0.0149476223
41,B3,8,5,0.3284753698,11,0B,0.34375,0.0152746302
41,C0,16,10,-0.3395999279,-348,FEA4,-0.33984375,-0.0002438221
42,A0,8,5,-0.3721687099,-12,F4,-0.375,-0.0028312901
42,A1,8,5,0.6960305590,22,16,0.6875,-0.008530559
42,A2,8,5,0.4395085260,14,0E,0.4375,-0.002008526
42,A3,8,5,-0.3993554636,-13,F3,-0.40625,-0.0068945364
42,B0,8,5,-0.3814306756,-12,F4,-0.375,0.0064306756
42,B1,8,5,-0.1832141828,-6,FA,-0.1875,-0.0042858172
42,B2,8,5,-0.1951992259,-6,FA,-0.1875,0.0076992259
42,B3,8,5,-0.4086895949,-13,F3,-0.40625,0.0024395949
42,C0,16,10,-0.7454244019,-763,FD05,-0.7451171875,0.0003072144
43,A0,8,5,-0.1591073325,-5,FB,-0.15625,0.0028573325
43,A1,8,5,0.8807273415,28,1C,0.875,-0.0057273415
43,A2,8,5,0.3546358905,11,0B,0.34375,-0.0108858905
43,A3,8,5,0.8056110915,26,1A,0.8125,0.0068889085
43,B0,8,5,0.2310298319,7,07,0.21875,-0.0122798319
43,B1,8,5,-0.3981002509,-13,F3,-0.40625,-0.0081497491
43,B2,8,5,0.0958744263,3,03,0.09375,-0.0021244263
43,B3,8,5,-0.9991881206,-32,E0,-1,-0.0008118794
43,C0,16,10,-0.4261725663,-436,FE4C,-0.42578125,0.0003913163
44,A0,8,5,-0.1402237000,-4,FC,-0.125,0.0152237
44,A1,8,5,0.1599695624,5,05,0.15625,-0.0037195624
44,A2,8,5,0.3094112474,10,0A,0.3125,0.0030887526
44,A3,8,5,-0.0700236195,-2,FE,-0.0625,0.0075236195
44,B0,8,5,-0.1156804014,-4,FC,-0.125,-0.0093195986
44,B1,8,5,-0.5725971980,-18,EE,-0.5625,0.010097198
44,B2,8,5,-0.0536276282,-2,FE,-0.0625,-0.0088723718
44,B3,8,5,0.8023616517,26,1A,0.8125,0.0101383483
44,C0,16,10,0.5920495203,606,025E,0.591796875,-0.0002526453
45,A0,8,5,-0.6606172076,-21,EB,-0.65625,0.0043672076
45,A1,8,5,-0.8304089265,-27,E5,-0.84375,-0.0133410735
45,A2,8,5,0.0309040198,1,01,0.03125,0.0003459802
45,A3,8,5,0.2658817115,9,09,0.28125,0.0153682885
45,B0,8,5,-0.3296234892,-11,F5,-0.34375,-0.0141265108
45,B1,8,5,0.6368469291,20,14,0.625,-0.0118469291
45,B2,8,5,0.5022762751,16,10,0.5,-0.0022762751
45,B3,8,5,0.3455913411,11,0B,0.34375,-0.0018413411
45,C0,16,10,-0.5507186680,-564,FDCC,-0.55078125,-6.2582e-05
46,A0,8,5,-0.6017401345,-19,ED,-0.59375,0.0079901345
46,A1,8,5,-0.9511492245,-30,E2,-0.9375,0.0136492245
46,A2,8,5,-0.5103149118,-16,F0,-0.5,0.0103149118
46,A3,8,5,-0.0497273116,-2,FE,-0.0625,-0.0127726884
46,B0,8,5,0.6994753892,22,16,0.6875,-0.0119753892
46,B1,8,5,-0.8543435416,-27,E5,-0.84375,0.0105935416
46,B2,8,5,-0.1711179780,-5,FB,-0.15625,0.014867978
46,B3,8,5,0.2595307615,8,08,0.25,-0.0095307615
46,C0,16,10,-0.6111295265,-626,FD8E,-0.611328125,-0.0001985985
47,A0,8,5,0.3927085010,13,0D,0.40625,0.013541499
47,A1,8,5,-0.0112456620,0,00,0,0.011245662
47,A2,8,5,-0.5120311208,-16,F0,-0.5,0.0120311208
47,A3,8,5,0.3121160222,10,0A,0.3125,0.0003839778
47,B0,8,5,-0.9889103637,-32,E0,-1,-0.0110896363
47,B1,8,5,0.5019289532,16,10,0.5,-0.0019289532
47,B2,8,5,0.5400923771,17,11,0.53125,-0.0088423771
47,B3,8,5,-0.7868254069,-25,E7,-0.78125,0.0055754069
47,C0,16,10,-0.1497076121,-153,FF67,-0.1494140625,0.0002935496
48,A0,8,5,-0.6482266366,-21,EB,-0.65625,-0.0080233634
48,A1,8,5,0.9159320846,29,1D,0.90625,-0.0096820846
48,A2,8,5,0.0359155009,1,01,0.03125,-0.0046655009
48,A3,8,5,-0.8995632297,-29,E3,-0.90625,-0.0066867703
48,B0,8,5,-0.5016034407,-16,F0,-0.5,0.0016034407
48,B1,8,5,0.6966726947,22,16,0.6875,-0.0091726947
48,B2,8,5,-0.0870763491,-3,FD,-0.09375,-0.0066736509
48,B3,8,5,0.6028332034,19,13,0.59375,-0.0090832034
48,C0,16,10,0.3351554652,343,0157,0.3349609375,-0.0001945277
49,A0,8,5,0.9757849061,31,1F,0.96875,-0.0070349061
49,A1,8,5,0.1909046369,6,06,0.1875,-0.0034046369
49,A2,8,5,0.9000792169,29,1D,0.90625,0.0061707831
49,A3,8,5,0.7828518516,25,19,0.78125,-0.0016018516
49,B0,8,5,0.2253046455,7,07,0.21875,-0.0065546455
49,B1,8,5,0.4385479226,14,0E,0.4375,-0.0010479226
49,B2,8,5,0.0095563296,0,00,0,-0.0095563296
49,B3,8,5,0.6611383394,21,15,0.65625,-0.0048883394
49,C0,16,10,0.0957439012,98,0062,0.095703125,-4.07762e-05
50,A0,8,5,0.7944162065,25,19,0.78125,-0.0131662065
50,A1,8,5,0.4873108843,16,10,0.5,0.0126891157
50,A2,8,5,-0.0506511264,-2,FE,-0.0625,-0.0118488736
50,A3,8,5,-0.4816169031,-15,F1,-0.46875,0.0128669031
50,B0,8,5,-0.5055205250,-16,F0,-0.5,0.005520525
50,B1,8,5,0.2753228736,9,09,0.28125,0.0059271264
50,B2,8,5,0.5316273686,17,11,0.53125,-0.0003773686
50,B3,8,5,0.0425996257,1,01,0.03125,-0.0113496257
50,C0,16,10,0.2534968740,260,0104,0.25390625,0.000409376
51,A0,8,5,-0.4508051062,-14,F2,-0.4375,0.0133051062
51,A1,8,5,-0.8450332923,-27,E5,-0.84375,0.0012832923
51,A2,8,5,-0.4285436983,-14,F2,-0.4375,-0.0089563017
51,A3,8,5,-0.4565697858,-15,F1,-0.46875,-0.0121802142
51,B0,8,5,-0.3605808632,-12,F4,-0.375,-0.0144191368
51,B1,8,5,0.0803044450,3,03,0.09375,0.013445555
51,B2,8,5,-0.7232518770,-23,E9,-0.71875,0.004501877
51,B3,8,5,-0.5374770405,-17,EF,-0.53125,0.0062270405
51,C0,16,10,0.3878996246,397,018D,0.3876953125,-0.0002043121
52,A0,8,5,0.4128382834,13,0D,0.40625,-0.0065882834
52,A1,8,5,-0.8715422986,-28,E4,-0.875,-0.0034577014
52,A2,8,5,-0.1848012607,-6,FA,-0.1875,-0.0026987393
52,A3,8,5,0.0852222810,3,03,0.09375,0.008527719
52,B0,8,5,-0.1684515318,-5,FB,-0.15625,0.0122015318
52,B1,8,5,-0.5863312210,-19,ED,-0.59375,-0.007418779
52,B2,8,5,-0.1597129645,-5,FB,-0.15625,0.0034629645
52,B3,8,5,0.8096769567,26,1A,0.8125,0.0028230433
52,C0,16,10,0.1681588284,172,00AC,0.16796875,-0.0001900784
53,A0,8,5,0.3910459730,13,0D,0.40625,0.015204027
53,A1,8,5,0.7134640646,23,17,0.71875,0.0052859354
53,A2,8,5,0.5311891522,17,11,0.53125,6.08478e-05
53,A3,8,5,-0.2392379421,-8,F8,-0.25,-0.0107620579
53,B0,8,5,-0.9882078328,-32,E0,-1,-0.0117921672
53,B1,8,5,-0.2964823947,-9,F7,-0.28125,0.0152323947
53,B2,8,5,0.5069502501,16,10,0.5,-0.0069502501
53,B3,8,5,0.7068959011,23,17,0.71875,0.0118540989
53,C0,16,10,0.9068606769,929,03A1,0.9072265625,0.0003658856
54,A0,8,5,-0.1619574347,-5,FB,-0.15625,0.0057074347
54,A1,8,5,0.4950313380,16,10,0.5,0.004968662
54,A2,8,5,0.0922646195,3,03,0.09375,0.0014853805
54,A3,8,5,0.2065051779,7,07,0.21875,0.0122448221
54,B0,8,5,-0.5589226114,-18,EE,-0.5625,-0.0035773886
54,B1,8,5,-0.5611567308,-18,EE,-0.5625,-0.0013432692
54,B2,8,5,-0.1283280479,-4,FC,-0.125,0.0033280479
54,B3,8,5,-0.9419503601,-30,E2,-0.9375,0.0044503601
54,C0,16,10,-0.3277409126,-336,FEB0,-0.328125,-0.0003840874
55,A0,8,5,0.3582837701,11,0B,0.34375,-0.0145337701
55,A1,8,5,-0.1913666617,-6,FA,-0.1875,0.0038666617
55,A2,8,5,-0.6699105376,-21,EB,-0.65625,0.0136605376
55,A3,8,5,-0.0652197015,-2,FE,-0.0625,0.0027197015
55,B0,8,5,-0.7447444054,-24,E8,-0.75,-0.0052555946
55,B1,8,5,0.2445139219,8,08,0.25,0.0054860781
55,B2,8,5,-0.9460670962,-30,E2,-0.9375,0.0085670962
55,B3,8,5,-0.2119594873,-7,F9,-0.21875,-0.0067905127
55,C0,16,10,0.1287839660,132,0084,0.12890625,0.000122284
56,A0,8,5,-0.9457959073,-30,E2,-0.9375,0.0082959073
56,A1,8,5,0.2854992960,9,09,0.28125,-0.004249296
56,A2,8,5,-0.7286010255,-23,E9,-0.71875,0.0098510255
56,A3,8,5,-0.0766031119,-2,FE,-0.0625,0.0141031119
56,B0,8,5,-0.8994307330,-29,E3,-0.90625,-0.006819267
56,B1,8,5,-0.2417922716,-8,F8,-0.25,-0.0082077284
56,B2,8,5,-0.5766794316,-18,EE,-0.5625,0.0141794316
56,B3,8,5,-0.3463083902,-11,F5,-0.34375,0.0025583902
56,C0,16,10,0.5224594158,535,0217,0.5224609375,1.52170000001e-06
57,A0,8,5,-0.2417475689,-8,F8,-0.25,-0.0082524311
57,A1,8,5,0.5040196471,16,10,0.5,-0.0040196471
57,A2,8,5,0.6638485703,21,15,0.65625,-0.0075985703
57,A3,8,5,-0.4954569364,-16,F0,-0.5,-0.0045430636
57,B0,8,5,-0.8361875345,-27,E5,-0.84375,-0.0075624655
57,B1,8,5,-0.9612334259,-31,E1,-0.96875,-0.0075165741
57,B2,8,5,0.0788380958,3,03,0.09375,0.0149119042
57,B3,8,5,0.9998156570,32,20,1,0.000184343
57,C0,16,10,-0.3000793126,-307,FECD,-0.2998046875,0.0002746251
58,A0,8,5,0.3002881865,10,0A,0.3125,0.0122118135
58,A1,8,5,0.5624660992,18,12,0.5625,3.39008e-05
58,A2,8,5,0.3035093105,10,0A,0.3125,0.0089906895
58,A3,8,5,0.5084664081,16,10,0.5,-0.0084664081
58,B0,8,5,0.8992234654,29,1D,0.90625,0.0070265346
58,B1,8,5,-0.6012786353,-19,ED,-0.59375,0.0075286353
58,B2,8,5,-0.9592399654,-31,E1,-0.96875,-0.0095100346
58,B3,8,5,-0.6952353084,-22,EA,-0.6875,0.0077353084
58,C0,16,10,-0.7475580503,-765,FD03,-0.7470703125,0.0004877378
59,A0,8,5,0.3389176892,11,0B,0.34375,0.0048323108
59,A1,8,5,0.1279391639,4,04,0.125,-0.0029391639
59,A2,8,5,-0.5640709182,-18,EE,-0.5625,0.0015709182
59,A3,8,5,0.3989299425,13,0D,0.40625,0.0073200575
59,B0,8,5,0.5337961967,17,11,0.53125,-0.0025461967
59,B1,8,5,-0.6644217133,-21,EB,-0.65625,0.0081717133
59,B2,8,5,0.2144949878,7,07,0.21875,0.0042550122
59,B3,8,5,0.4958513039,16,10,0.5,0.0041486961
59,C0,16,10,-0.7709342572,-789,FCEB,-0.7705078125,0.0004264447
60,A0,8,5,0.6386023486,20,14,0.625,-0.0136023486
60,A1,8,5,0.9294415461,30,1E,0.9375,0.0080584539
60,A2,8,5,-0.7838025007,-25,E7,-0.78125,0.0025525007
60,A3,8,5,-0.9486431490,-30,E2,-0.9375,0.011143149
60,B0,8,5,-0.3760855112,-12,F4,-0.375,0.0010855112
60,B1,8,5,0.3546945737,11,0B,0.34375,-0.0109445737
60,B2,8,5,0.9163456764,29,1D,0.90625,-0.0100956764
60,B3,8,5,-0.2066911170,-7,F9,-0.21875,-0.012058883
60,C0,16,10,0.4300294101,440,01B8,0.4296875,-0.0003419101
61,A0,8,5,-0.8480070443,-27,E5,-0.84375,0.0042570443
61,A1,8,5,0.3812288319,12,0C,0.375,-0.0062288319
61,A2,8,5,0.2544847912,8,08,0.25,-0.0044847912
61,A3,8,5,-0.7961973891,-25,E7,-0.78125,0.0149473891
61,B0,8,5,0.5449617699,17,11,0.53125,-0.0137117699
61,B1,8,5,0.7005864782,22,16,0.6875,-0.0130864782
61,B2,8,5,0.2008232296,6,06,0.1875,-0.0133232296
61,B3,8,5,-0.7578898699,-24,E8,-0.75,0.0078898699
61,C0,16,10,0.9676887030,991,03DF,0.9677734375,8.47345e-05
62,A0,8,5,0.5652706927,18,12,0.5625,-0.0027706927
62,A1,8,5,-0.3055924694,-10,F6,-0.3125,-0.0069075306
62,A2,8,5,-0.1432439735,-5,FB,-0.15625,-0.0130060265
62,A3,8,5,-0.2588582476,-8,F8,-0.25,0.0088582476
62,B0,8,5,0.0119215794,0,00,0,-0.0119215794
62,B1,8,5,-0.3175376503,-10,F6,-0.3125,0.0050376503
62,B2,8,5,0.6991512540,22,16,0.6875,-0.011651254
62,B3,8,5,0.6446618362,21,15,0.65625,0.0115881638
62,C0,16,10,-0.7889222587,-808,FCD8,-0.7890625,-0.0001402413
63,A0,8,5,0.9215751344,29,1D,0.90625,-0.0153251344
63,A1,8,5,0.2711702122,9,09,0.28125,0.0100797878
63,A2,8,5,0.6574146220,21,15,0.65625,-0.001164622
63,A3,8,5,0.4146172874,13,0D,0.40625,-0.0083672874
63,B0,8,5,-0.1290257100,-4,FC,-0.125,0.00402571
63,B1,8,5,0.4675906080,15,0F,0.46875,0.001159392
63,B2,8,5,0.9309474625,30,1E,0.9375,0.0065525375
63,B3,8,5,-0.4598352072,-15,F1,-0.46875,-0.0089147928
63,C0,16,10,0.6163984376,631,0277,0.6162109375,-0.0001875001
64,A0,8,5,0.0763458129,2,02,0.0625,-0.0138458129
64,A1,8,5,-0.0330049922,-1,FF,-0.03125,0.0017549922
64,A2,8,5,-0.1288510140,-4,FC,-0.125,0.003851014
64,A3,8,5,0.4620524286,15,0F,0.46875,0.0066975714
64,B0,8,5,-0.4632089239,-15,F1,-0.46875,-0.0055410761
64,B1,8,5,0.7034263200,23,17,0.71875,0.01532368
64,B2,8,5,0.6614620378,21,15,0.65625,-0.0052120378
64,B3,8,5,-0.8266742039,-26,E6,-0.8125,0.0141742039
64,C0,16,10,0.7632623680,782,030E,0.763671875,0.000409507
65,A0,8,5,-0.5122731216,-16,F0,-0.5,0.0122731216
65,A1,8,5,-0.0705830668,-2,FE,-0.0625,0.0080830668
65,A2,8,5,0.2206634085,7,07,0.21875,-0.0019134085
65,A3,8,5,-0.2420213917,-8,F8,-0.25,-0.0079786083
65,B0,8,5,-0.9426000045,-30,E2,-0.9375,0.0051000045
65,B1,8,5,0.7019056726,22,16,0.6875,-0.0144056726
65,B2,8,5,-0.6363202857,-20,EC,-0.625,0.0113202857
65,B3,8,5,-0.5757602996,-18,EE,-0.5625,0.0132602996
65,C0,16,10,0.5956647137,610,0262,0.595703125,3.84113e-05
66,A0,8,5,-0.3193223137,-10,F6,-0.3125,0.0068223137
66,A1,8,5,0.7606399595,24,18,0.75,-0.0106399595
66,A2,8,5,0.4023675007,13,0D,0.40625,0.0038824993
66,A3,8,5,-0.4474628485,-14,F2,-0.4375,0.0099628485
66,B0,8,5,-0.9796977711,-31,E1,-0.96875,0.0109477711
66,B1,8,5,0.8961251556,29,1D,0.90625,0.0101248444
66,B2,8,5,-0.8287740761,-27,E5,-0.84375,-0.0149759239
66,B3,8,5,0.4401493282,14,0E,0.4375,-0.0026493282
66,C0,16,10,-0.0228443063,-23,FFE9,-0.0224609375,0.0003833688
67,A0,8,5,0.5163293070,17,11,0.53125,0.014920693
67,A1,8,5,0.3812186789,12,0C,0.375,-0.0062186789
67,A2,8,5,0.2918057995,9,09,0.28125,-0.0105557995
67,A3,8,5,-0.0183573298,-1,FF,-0.03125,-0.0128926702
67,B0,8,5,0.5858657363,19,13,0.59375,0.0078842637
67,B1,8,5,-0.8138932989,-26,E6,-0.8125,0.0013932989
67,B2,8,5,-0.5568071991,-18,EE,-0.5625,-0.0056928009
67,B3,8,5,0.3835743106,12,0C,0.375,-0.0085743106
67,C0,16,10,-0.3875879397,-397,FE73,-0.3876953125,-0.0001073728
68,A0,8,5,0.1631111707,5,05,0.15625,-0.0068611707
68,A1,8,5,-0.0534790225,-2,FE,-0.0625,-0.0090209775
68,A2,8,5,0.0618438623,2,02,0.0625,0.0006561377
68,A3,8,5,-0.1489923746,-5,FB,-0.15625,-0.0072576254
68,B0,8,5,0.4918708734,16,10,0.5,0.0081291266
68,B1,8,5,-0.3384174056,-11,F5,-0.34375,-0.0053325944
68,B2,8,5,0.4057098844,13,0D,0.40625,0.0005401156
68,B3,8,5,-0.4581671460,-15,F1,-0.46875,-0.010582854
68,C0,16,10,-0.4971926476,-509,FE03,-0.4970703125,0.0001223351
69,A0,8,5,-0.7586882305,-24,E8,-0.75,0.0086882305
69,A1,8,5,-0.6148314131,-20,EC,-0.625,-0.0101685869
69,A2,8,5,-0.7608905175,-24,E8,-0.75,0.0108905175
69,A3,8,5,0.0717279308,2,02,0.0625,-0.0092279308
69,B0,8,5,0.5243792190,17,11,0.53125,0.006870781
69,B1,8,5,-0.6297003151,-20,EC,-0.625,0.0047003151
69,B2,8,5,-0.5672307202,-18,EE,-0.5625,0.0047307202
69,B3,8,5,-0.0316028256,-1,FF,-0.03125,0.0003528256
69,C0,16,10,0.4491700022,460,01CC,0.44921875,4.87478e-05
70,A0,8,5,0.9532140458,31,1F,0.96875,0.0155359542
70,A1,8,5,0.0492737382,2,02,0.0625,0.0132262618
70,A2,8,5,-0.4340025935,-14,F2,-0.4375,-0.0034974065
70,A3,8,5,-0.7989477838,-26,E6,-0.8125,-0.0135522162
70,B0,8,5,-0.6117648438,-20,EC,-0.625,-0.0132351562
70,B1,8,5,-0.5450336730,-17,EF,-0.53125,0.013783673
70,B2,8,5,-0.6411169126,-21,EB,-0.65625,-0.0151330874
70,B3,8,5,-0.9717032655,-31,E1,-0.96875,0.0029532655
70,C0,16,10,0.0682701785,70,0046,0.068359375,8.91965e-05
71,A0,8,5,-0.4513773464,-14,F2,-0.4375,0.0138773464
71,A1,8,5,0.9485898622,30,1E,0.9375,-0.0110898622
71,A2,8,5,0.1067179336,3,03,0.09375,-0.0129679336
71,A3,8,5,0.3948347858,13,0D,0.40625,0.0114152142
71,B0,8,5,-0.7474410141,-24,E8,-0.75,-0.0025589859
71,B1,8,5,0.7369223945,24,18,0.75,0.0130776055
71,B2,8,5,-0.0182426110,-1,FF,-0.03125,-0.013007389
71,B3,8,5,0.7454394700,24,18,0.75,0.00456053
71,C0,16,10,0.1481284393,152,0098,0.1484375,0.0003090607
72,A0,8,5,-0.0612061101,-2,FE,-0.0625,-0.0012938899
72,A1,8,5,-0.1190624037,-4,FC,-0.125,-0.0059375963
72,A2,8,5,-0.6312726592,-20,EC,-0.625,0.0062726592
72,A3,8,5,-0.8972465656,-29,E3,-0.90625,-0.0090034344
72,B0,8,5,0.8821271935,28,1C,0.875,-0.0071271935
72,B1,8,5,-0.0445416255,-1,FF,-0.03125,0.0132916255
72,B2,8,5,0.6442312906,21,15,0.65625,0.0120187094
72,B3,8,5,-0.1985851155,-6,FA,-0.1875,0.0110851155
72,C0,16,10,-0.8518356595,-872,FC98,-0.8515625,0.0002731595
73,A0,8,5,0.2588914139,8,08,0.25,-0.0088914139
73,A1,8,5,-0.8927818514,-29,E3,-0.90625,-0.0134681486
73,A2,8,5,-0.7016048311,-22,EA,-0.6875,0.0141048311
73,A3,8,5,0.1256791942,4,04,0.125,-0.0006791942
73,B0,8,5,-0.3923289763,-13,F3,-0.40625,-0.0139210237
73,B1,8,5,0.9878362454,32,20,1,0.0121637546
73,B2,8,5,-0.7630968756,-24,E8,-0.75,0.0130968756
73,B3,8,5,0.5288868907,17,11,0.53125,0.0023631093
73,C0,16,10,0.2126353025,218,00DA,0.212890625,0.0002553225
74,A0,8,5,0.5814816597,19,13,0.59375,0.0122683403
74,A1,8,5,-0.5486257259,-18,EE,-0.5625,-0.0138742741
74,A2,8,5,0.0451450703,1,01,0.03125,-0.0138950703
74,A3,8,5,-0.0989710702,-3,FD,-0.09375,0.0052210702
74,B0,8,5,-0.1145579920,-4,FC,-0.125,-0.010442008
74,B1,8,5,0.7203333317,23,17,0.71875,-0.0015833317
74,B2,8,5,0.9800625209,31,1F,0.96875,-0.0113125209
74,B3,8,5,-0.3892395114,-12,F4,-0.375,0.0142395114
74,C0,16,10,0.2420546421,248,00F8,0.2421875,0.0001328579
75,A0,8,5,0.2192618245,7,07,0.21875,-0.0005118245
75,A1,8,5,0.4801786110,15,0F,0.46875,-0.011428611
75,A2,8,5,0.8951804007,29,1D,0.90625,0.0110695993
75,A3,8,5,-0.5844241884,-19,ED,-0.59375,-0.0093258116
75,B0,8,5,-0.5779496094,-18,EE,-0.5625,0.0154496094
75,B1,8,5,0.3208562744,10,0A,0.3125,-0.0083562744
75,B2,8,5,-0.6858858132,-22,EA,-0.6875,-0.0016141868
75,B3,8,5,-0.6523729033,-21,EB,-0.65625,-0.0038770967
75,C0,16,10,-0.8498702622,-870,FC9A,-0.849609375,0.0002608872
76,A0,8,5,-0.9946485548,-32,E0,-1,-0.0053514452
76,A1,8,5,-0.0989925908,-3,FD,-0.09375,0.0052425908
76,A2,8,5,0.1876223902,6,06,0.1875,-0.0001223902
76,A3,8,5,-0.4174814219,-13,F3,-0.40625,0.0112314219
76,B0,8,5,-0.5370475309,-17,EF,-0.53125,0.0057975309
76,B1,8,5,0.4139116598,13,0D,0.40625,-0.0076616598
76,B2,8,5,0.4059751162,13,0D,0.40625,0.0002748838
76,B3,8,5,-0.0919373472,-3,FD,-0.09375,-0.0018126528
76,C0,16,10,0.3747698401,384,0180,0.375,0.0002301599
77,A0,8,5,0.8478220890,27,1B,0.84375,-0.004072089
77,A1,8,5,0.5756560533,18,12,0.5625,-0.0131560533
77,A2,8,5,0.2501160143,8,08,0.25,-0.0001160143
77,A3,8,5,0.3223660857,10,0A,0.3125,-0.0098660857
77,B0,8,5,0.8673369169,28,1C,0.875,0.0076630831
77,B1,8,5,-0.1497220678,-5,FB,-0.15625,-0.0065279322
77,B2,8,5,0.0891247574,3,03,0.09375,0.0046252426
77,B3,8,5,0.2952694468,9,09,0.28125,-0.0140194468
77,C0,16,10,0.8168228904,836,0344,0.81640625,-0.0004166404
78,A0,8,5,0.6532623193,21,15,0.65625,0.0029876807
78,A1,8,5,-0.8571803263,-27,E5,-0.84375,0.0134303263
78,A2,8,5,-0.6681544216,-21,EB,-0.65625,0.0119044216
78,A3,8,5,-0.3847763748,-12,F4,-0.375,0.0097763748
78,B0,8,5,0.4979154441,16,10,0.5,0.0020845559
78,B1,8,5,0.1384140986,4,04,0.125,-0.0134140986
78,B2,8,5,-0.4227788234,-14,F2,-0.4375,-0.0147211766
78,B3,8,5,-0.7512926837,-24,E8,-0.75,0.0012926837
78,C0,16,10,0.3773559824,386,0182,0.376953125,-0.0004028574
79,A0,8,5,0.3994673700,13,0D,0.40625,0.00678263
79,A1,8,5,0.8853524815,28,1C,0.875,-0.0103524815
79,A2,8,5,0.0009443542,0,00,0,-0.0009443542
79,A3,8,5,-0.0124095613,0,00,0,0.0124095613
79,B0,8,5,-0.8391162962,-27,E5,-0.84375,-0.0046337038
79,B1,8,5,-0.9202784316,-29,E3,-0.90625,0.0140284316
79,B2,8,5,-0.1359426717,-4,FC,-0.125,0.0109426717
79,B3,8,5,-0.3553568333,-11,F5,-0.34375,0.0116068333
79,C0,16,10,-0.4992641952,-511,FE01,-0.4990234375,0.0002407577
80,A0,8,5,-0.8173462267,-26,E6,-0.8125,0.0048462267
80,A1,8,5,0.9238222044,30,1E,0.9375,0.0136777956
80,A2,8,5,0.6719172278,22,16,0.6875,0.0155827722
80,A3,8,5,0.1503982184,5,05,0.15625,0.0058517816
80,B0,8,5,0.9015725556,29,1D,0.90625,0.0046774444
80,B1,8,5,0.9991448338,32,20,1,0.0008551662
80,B2,8,5,0.3445631686,11,0B,0.34375,-0.0008131686
80,B3,8,5,-0.4609779481,-15,F1,-0.46875,-0.0077720519
80,C0,16,10,-0.9195366537,-942,FC52,-0.919921875,-0.0003852213
81,A0,8,5,0.5125376608,16,10,0.5,-0.0125376608
81,A1,8,5,-0.0589983535,-2,FE,-0.0625,-0.0035016465
81,A2,8,5,0.3030189789,10,0A,0.3125,0.0094810211
81,A3,8,5,0.8321455759,27,1B,0.84375,0.0116044241
81,B0,8,5,-0.6370217056,-20,EC,-0.625,0.0120217056
81,B1,8,5,0.1706592506,5,05,0.15625,-0.0144092506
81,B2,8,5,0.2695694389,9,09,0.28125,0.0116805611
81,B3,8,5,-0.0165483956,-1,FF,-0.03125,-0.0147016044
81,C0,16,10,-0.8175151874,-837,FCBB,-0.8173828125,0.0001323749
82,A0,8,5,-0.3040778874,-10,F6,-0.3125,-0.0084221126
82,A1,8,5,-0.3333832127,-11,F5,-0.34375,-0.0103667873
82,A2,8,5,0.3402670190,11,0B,0.34375,0.003482981
82,A3,8,5,0.7154661888,23,17,0.71875,0.0032838112
82,B0,8,5,-0.3403926728,-11,F5,-0.34375,-0.0033573272
82,B1,8,5,0.3873473480,12,0C,0.375,-0.012347348
82,B2,8,5,-0.4235644093,-14,F2,-0.4375,-0.0139355907
82,B3,8,5,0.8903870791,28,1C,0.875,-0.0153870791
82,C0,16,10,0.6271320695,642,0282,0.626953125,-0.0001789445
83,A0,8,5,0.1001932179,3,03,0.09375,-0.0064432179
83,A1,8,5,-0.0903481828,-3,FD,-0.09375,-0.0034018172
83,A2,8,5,-0.3709656857,-12,F4,-0.375,-0.0040343143
83,A3,8,5,-0.3534524274,-11,F5,-0.34375,0.0097024274
83,B0,8,5,0.9403694536,30,1E,0.9375,-0.0028694536
83,B1,8,5,-0.1916498860,-6,FA,-0.1875,0.004149886
83,B2,8,5,0.0291925047,1,01,0.03125,0.0020574953
83,B3,8,5,0.9762384296,31,1F,0.96875,-0.0074884296
83,C0,16,10,0.3153207730,323,0143,0.3154296875,0.0001089145
84,A0,8,5,0.0851871887,3,03,0.09375,0.0085628113
84,A1,8,5,-0.1735048584,-6,FA,-0.1875,-0.0139951416
84,A2,8,5,-0.6248349172,-20,EC,-0.625,-0.0001650828
84,A3,8,5,-0.2764412817,-9,F7,-0.28125,-0.0048087183
84,B0,8,5,0.5128863081,16,10,0.5,-0.0128863081
84,B1,8,5,0.2508174843,8,08,0.25,-0.0008174843
84,B2,8,5,0.5199810721,17,11,0.53125,0.0112689279
84,B3,8,5,-0.5928835233,-19,ED,-0.59375,-0.0008664767
84,C0,16,10,0.0984392782,101,0065,0.0986328125,0.0001935343
85,A0,8,5,0.8553455217,27,1B,0.84375,-0.0115955217
85,A1,8,5,-0.1237678099,-4,FC,-0.125,-0.0012321901
85,A2,8,5,0.3965000582,13,0D,0.40625,0.0097499418
85,A3,8,5,-0.7571478333,-24,E8,-0.75,0.0071478333
85,B0,8,5,0.9462936316,30,1E,0.9375,-0.0087936316
85,B1,8,5,0.2177433342,7,07,0.21875,0.0010066658
85,B2,8,5,-0.5214050753,-17,EF,-0.53125,-0.0098449247
85,B3,8,5,-0.6832436724,-22,EA,-0.6875,-0.0042563276
85,C0,16,10,0.1016780140,104,0068,0.1015625,-0.000115514
86,A0,8,5,0.1045028181,3,03,0.09375,-0.0107528181
86,A1,8,5,-0.8135815974,-26,E6,-0.8125,0.0010815974
86,A2,8,5,0.9845142788,32,20,1,0.0154857212
86,A3,8,5,0.8258597570,26,1A,0.8125,-0.013359757
86,B0,8,5,-0.0771042116,-2,FE,-0.0625,0.0146042116
86,B1,8,5,-0.7650677018,-24,E8,-0.75,0.0150677018
86,B2,8,5,0.6642863475,21,15,0.65625,-0.0080363475
86,B3,8,5,-0.0032489906,0,00,0,0.0032489906
86,C0,16,10,0.4332066520,444,01BC,0.43359375,0.000387098
87,A0,8,5,0.0177440301,1,01,0.03125,0.0135059699
87,A1,8,5,-0.4531502066,-15,F1,-0.46875,-0.0155997934
87,A2,8,5,0.6694478912,21,15,0.65625,-0.0131978912
87,A3,8,5,0.9604892652,31,1F,0.96875,0.0082607348
87,B0,8,5,-0.5125381878,-16,F0,-0.5,0.0125381878
87,B1,8,5,0.1025301538,3,03,0.09375,-0.0087801538
87,B2,8,5,-0.2328279735,-7,F9,-0.21875,0.0140779735
87,B3,8,5,0.8437362999,27,1B,0.84375,1.37001e-05
87,C0,16,10,0.0164817832,17,0011,0.0166015625,0.0001197793
88,A0,8,5,0.7586525103,24,18,0.75,-0.0086525103
88,A1,8,5,0.7280538689,23,17,0.71875,-0.0093038689
88,A2,8,5,-0.4475051944,-14,F2,-0.4375,0.0100051944
88,A3,8,5,0.5800123640,19,13,0.59375,0.013737636
88,B0,8,5,-0.1701151529,-5,FB,-0.15625,0.0138651529
88,B1,8,5,0.8684967874,28,1C,0.875,0.0065032126
88,B2,8,5,0.0154753516,0,00,0,-0.0154753516
88,B3,8,5,0.6410989464,21,15,0.65625,0.0151510536
88,C0,16,10,-0.4343220334,-445,FE43,-0.4345703125,-0.0002482791
89,A0,8,5,-0.4028883005,-13,F3,-0.40625,-0.0033616995
89,A1,8,5,0.1738754448,6,06,0.1875,0.0136245552
89,A2,8,5,0.9978046665,32,20,1,0.0021953335
89,A3,8,5,-0.0207193067,-1,FF,-0.03125,-0.0105306933
89,B0,8,5,-0.7028091632,-22,EA,-0.6875,0.0153091632
89,B1,8,5,0.0771611554,2,02,0.0625,-0.0146611554
89,B2,8,5,-0.3097521166,-10,F6,-0.3125,-0.0027478834
89,B3,8,5,0.1038348341,3,03,0.09375,-0.0100848341
89,C0,16,10,0.0868601259,89,0059,0.0869140625,5.39366e-05
90,A0,8,5,-0.0893107663,-3,FD,-0.09375,-0.0044392337
90,A1,8,5,-0.3564452995,-11,F5,-0.34375,0.0126952995
90,A2,8,5,-0.6226952526,-20,EC,-0.625,-0.0023047474
90,A3,8,5,0.3949968552,13,0D,0.40625,0.0112531448
90,B0,8,5,0.1435952840,5,05,0.15625,0.012654716
90,B1,8,5,-0.5328751079,-17,EF,-0.53125,0.0016251079
90,B2,8,5,0.5510889502,18,12,0.5625,0.0114110498
90,B3,8,5,-0.9127054018,-29,E3,-0.90625,0.0064554018
90,C0,16,10,0.4894103031,501,01F5,0.4892578125,-0.0001524906
91,A0,8,5,0.4104557621,13,0D,0.40625,-0.0042057621
91,A1,8,5,0.6228178051,20,14,0.625,0.0021821949
91,A2,8,5,-0.2278424950,-7,F9,-0.21875,0.009092495
91,A3,8,5,0.3273776590,10,0A,0.3125,-0.014877659
91,B0,8,5,0.6414951034,21,15,0.65625,0.0147548966
91,B1,8,5,0.9616362773,31,1F,0.96875,0.0071137227
91,B2,8,5,-0.0093427008,0,00,0,0.0093427008
91,B3,8,5,-0.9259607773,-30,E2,-0.9375,-0.0115392227
91,C0,16,10,0.0045823003,5,0005,0.0048828125,0.0003005122
92,A0,8,5,0.1803608586,6,06,0.1875,0.0071391414
92,A1,8,5,0.7394006267,24,18,0.75,0.0105993733
92,A2,8,5,0.7483807481,24,18,0.75,0.0016192519
92,A3,8,5,-0.1193875805,-4,FC,-0.125,-0.0056124195
92,B0,8,5,0.0519021736,2,02,0.0625,0.0105978264
92,B1,8,5,-0.0861438511,-3,FD,-0.09375,-0.0076061489
92,B2,8,5,0.4448876551,14,0E,0.4375,-0.0073876551
92,B3,8,5,-0.1800427605,-6,FA,-0.1875,-0.0074572395
92,C0,16,10,0.3095626529,317,013D,0.3095703125,7.65959999999e-06
93,A0,8,5,-0.6912775625,-22,EA,-0.6875,0.0037775625
93,A1,8,5,-0.0610187980,-2,FE,-0.0625,-0.001481202
93,A2,8,5,0.9384072611,30,1E,0.9375,-0.0009072611
93,A3,8,5,-0.3228775319,-10,F6,-0.3125,0.0103775319
93,B0,8,5,0.3854091972,12,0C,0.375,-0.0104091972
93,B1,8,5,0.2996733052,10,0A,0.3125,0.0128266948
93,B2,8,5,0.7035305847,23,17,0.71875,0.0152194153
93,B3,8,5,0.7046826731,23,17,0.71875,0.0140673269
93,C0,16,10,0.7186843683,736,02E0,0.71875,6.56317e-05
94,A0,8,5,-0.2399812050,-8,F8,-0.25,-0.010018795
94,A1,8,5,-0.3666776921,-12,F4,-0.375,-0.0083223079
94,A2,8,5,0.4374348504,14,0E,0.4375,6.51496e-05
94,A3,8,5,0.5188036187,17,11,0.53125,0.0124463813
94,B0,8,5,0.7447660348,24,18,0.75,0.0052339652
94,B1,8,5,-0.9282018003,-30,E2,-0.9375,-0.0092981997
94,B2,8,5,-0.8631585056,-28,E4,-0.875,-0.0118414944
94,B3,8,5,0.2623220337,8,08,0.25,-0.0123220337
94,C0,16,10,0.8418581976,862,035E,0.841796875,-6.13226e-05
95,A0,8,5,0.9948518459,32,20,1,0.0051481541
95,A1,8,5,0.4935327335,16,10,0.5,0.0064672665
95,A2,8,5,-0.1320570562,-4,FC,-0.125,0.0070570562
95,A3,8,5,-0.8031137472,-26,E6,-0.8125,-0.0093862528
95,B0,8,5,0.2674956576,9,09,0.28125,0.0137543424
95,B1,8,5,0.7451584652,24,18,0.75,0.0048415348
95,B2,8,5,-0.1126428967,-4,FC,-0.125,-0.0123571033
95,B3,8,5,0.3880023256,12,0C,0.375,-0.0130023256
95,C0,16,10,0.8068481241,826,033A,0.806640625,-0.0002074991
96,A0,8,5,-0.9080180626,-29,E3,-0.90625,0.0017680626
96,A1,8,5,0.5922869303,19,13,0.59375,0.0014630697
96,A2,8,5,-0.4132644481,-13,F3,-0.40625,0.0070144481
96,A3,8,5,-0.2503178204,-8,F8,-0.25,0.0003178204
96,B0,8,5,-0.7088604086,-23,E9,-0.71875,-0.0098895914
96,B1,8,5,0.0623326363,2,02,0.0625,0.0001673637
96,B2,8,5,0.1318561238,4,04,0.125,-0.0068561238
96,B3,8,5,0.5850389478,19,13,0.59375,0.0087110522
96,C0,16,10,-0.6600327019,-676,FD5C,-0.66015625,-0.0001235481
97,A0,8,5,-0.8420632987,-27,E5,-0.84375,-0.0016867013
97,A1,8,5,0.7416791973,24,18,0.75,0.0083208027
97,A2,8,5,0.2394207371,8,08,0.25,0.0105792629
97,A3,8,5,-0.5183404163,-17,EF,-0.53125,-0.0129095837
97,B0,8,5,0.8256580320,26,1A,0.8125,-0.013158032
97,B1,8,5,-0.7137645597,-23,E9,-0.71875,-0.0049854403
97,B2,8,5,-0.0777001733,-2,FE,-0.0625,0.0152001733
97,B3,8,5,-0.4920453212,-16,F0,-0.5,-0.0079546788
97,C0,16,10,-0.4893465837,-501,FE0B,-0.4892578125,8.87712e-05
98,A0,8,5,-0.9812051371,-31,E1,-0.96875,0.0124551371
98,A1,8,5,0.6092661540,19,13,0.59375,-0.015516154
98,A2,8,5,0.8024188472,26,1A,0.8125,0.0100811528
98,A3,8,5,0.3552217714,11,0B,0.34375,-0.0114717714
98,B0,8,5,-0.6840487559,-22,EA,-0.6875,-0.0034512441
98,B1,8,5,-0.1165404328,-4,FC,-0.125,-0.0084595672
98,B2,8,5,-0.3088687511,-10,F6,-0.3125,-0.0036312489
98,B3,8,5,0.1751434103,6,06,0.1875,0.0123565897
98,C0,16,10,0.2778774047,285,011D,0.2783203125,0.0004429078
99,A0,8,5,-0.1513821231,-5,FB,-0.15625,-0.0048678769
99,A1,8,5,-0.4998035512,-16,F0,-0.5,-0.0001964488
99,A2,8,5,0.6906078503,22,16,0.6875,-0.0031078503
99,A3,8,5,-0.6015660018,-19,ED,-0.59375,0.0078160018
99,B0,8,5,-0.2306135021,-7,F9,-0.21875,0.0118635021
99,B1,8,5,-0.0335838779,-1,FF,-0.03125,0.0023338779
99,B2,8,5,-0.5255885961,-17,EF,-0.53125,-0.0056614039
99,B3,8,5,0.1438453847,5,05,0.15625,0.0124046153
99,C0,16,10,0.1496238604,153,0099,0.1494140625,-0.0002097979
