vector_id,label,original,posit16_hex,decoded_posit16,quantization_error
0,A0,0.2788535969,21D9,0.278869628906,1.603200625e-05
0,A1,-0.9499784896,C19A,-0.949951171875,2.7317725e-05
0,A2,-0.4499413633,D334,-0.449951171875,-9.80857499999e-06
0,A3,-0.5535785237,CE49,-0.553588867188,-1.03434875e-05
0,B0,0.4729424283,2E45,0.472961425781,1.899748125e-05
0,B1,0.3533989748,269E,0.353393554688,-5.42011249999e-06
0,B2,0.7843591354,3919,0.784301757812,-5.73775875e-05
0,B3,-0.8261223347,C590,-0.826171875,-4.95403e-05
0,C0,-0.1561563606,E602,-0.156127929688,2.84309125e-05
1,A0,-0.9404055611,C1E8,-0.9404296875,-2.41264e-05
1,A1,-0.5627240504,CDFE,-0.562744140625,-2.0090225e-05
1,A2,0.0107105762,06BE,0.0107116699219,1.093721875e-06
1,A3,-0.9469280606,C1B3,-0.946899414062,2.86465375e-05
1,B0,-0.6023246986,CCBA,-0.602294921875,2.9776725e-05
1,B1,0.2997688756,232F,0.299743652344,-2.522325625e-05
1,B2,0.0898829612,1381,0.0898742675781,-8.693621875e-06
1,B3,-0.5591187559,CE1C,-0.55908203125,3.672465e-05
1,C0,0.1785313678,1B6D,0.178527832031,-3.53576875001e-06
2,A0,0.6188609134,33CE,0.618896484375,3.5570975e-05
2,A1,-0.9870024806,C06A,-0.987060546875,-5.8066275e-05
2,A2,0.6116385037,3393,0.611694335938,5.58322375001e-05
2,A3,0.3962787900,295D,0.396301269531,2.247953125e-05
2,B0,-0.3194989670,DB8D,-0.319519042969,-2.007596875e-05
2,B1,-0.6890410004,C9F3,-0.689086914062,-4.59136625e-05
2,B2,0.9144261444,3D43,0.914428710938,2.56653749997e-06
2,B3,-0.3268109098,DB16,-0.326782226562,2.86832375e-05
2,C0,-0.8145083132,C5F0,-0.814453125,5.51881999999e-05
3,A0,-0.8065672463,C631,-0.806518554688,4.86916125e-05
3,A1,0.6949887327,363D,0.694946289062,-4.24436374999e-05
3,A2,0.2074520627,1D47,0.207458496094,6.43339375e-06
3,A3,0.6142565465,33A8,0.6142578125,1.26600000006e-06
3,B0,0.4594635734,2D68,0.45947265625,9.08285000001e-06
3,B1,0.0724561829,1146,0.0724487304688,-7.45243125e-06
3,B2,0.9462315280,3E48,0.9462890625,5.75345e-05
3,B3,-0.2429312456,E074,-0.242919921875,1.1323725e-05
3,C0,0.1040812625,1553,0.104095458984,1.4196484375e-05
4,A0,0.6588093285,3515,0.658813476562,4.14806250004e-06
4,A1,0.2370395047,1F2C,0.237060546875,2.1042175e-05
4,A2,0.7234138006,3726,0.723388671875,-2.5128725e-05
4,A3,0.1547042905,19E7,0.154724121094,1.983059375e-05
4,B0,0.4091436724,2A2F,0.409118652344,-2.502005625e-05
4,B1,-0.9083512327,C2EF,-0.908325195312,2.60373875e-05
4,B2,-0.5442034487,CE96,-0.544189453125,1.3995575e-05
4,B3,-0.4212240728,D50B,-0.421203613281,2.045951875e-05
4,C0,-0.8404160462,C51B,-0.840454101562,-3.80553625e-05
5,A0,-0.5344182273,CEE6,-0.534423828125,-5.60082500001e-06
5,A1,-0.7979971412,C677,-0.797973632812,2.35083875e-05
5,A2,-0.4440527938,D395,-0.444030761719,2.203208125e-05
5,A3,0.2713688885,215E,0.271362304688,-6.58381250002e-06
5,B0,-0.2703356421,DEB3,-0.270324707031,1.093506875e-05
5,B1,-0.2596380658,DF62,-0.259643554688,-5.48888750002e-06
5,B2,-0.5809859385,CD69,-0.580932617188,5.33213125e-05
5,B3,-0.4660443559,D22C,-0.466064453125,-2.0097225e-05
5,C0,0.8733091754,3BF2,0.873291015625,-1.8159775e-05
6,A0,0.2960707705,22F3,0.296081542969,1.077246875e-05
6,A1,0.2182620113,1DF8,0.21826171875,-2.92550000003e-07
6,A2,-0.6577227036,CAF4,-0.65771484375,7.85984999996e-06
6,A3,0.4582535959,2D54,0.458251953125,-1.64277499998e-06
6,B0,-0.6731950125,CA75,-0.673217773438,-2.27609375e-05
6,B1,-0.2410891165,E092,-0.241088867188,2.49312500006e-07
6,B2,0.9790467013,3F54,0.97900390625,-4.279505e-05
6,B3,0.2799995197,21EC,0.280029296875,2.9777175e-05
6,C0,0.1138994875,1694,0.113891601562,-7.88593749999e-06
7,A0,0.3692285020,27A1,0.369201660156,-2.684184375e-05
7,A1,0.6857038404,35F1,0.685668945312,-3.48950875e-05
7,A2,0.5519998231,31AA,0.552001953125,2.13002500005e-06
7,A3,-0.5419038561,CEA9,-0.541870117188,3.37389125e-05
7,B0,-0.9357995122,C20E,-0.935791015625,8.49657500002e-06
7,B1,-0.3690939039,D861,-0.369079589844,1.431405625e-05
7,B2,-0.4645182480,D245,-0.464538574219,-2.032621875e-05
7,B3,-0.5780343128,CD81,-0.578002929688,3.13831124999e-05
7,C0,0.8858194287,3C59,0.885864257812,4.48291125e-05
8,A0,0.7527352529,3816,0.752685546875,-4.9706025e-05
8,A1,-0.3706442384,D847,-0.370666503906,-2.226550625e-05
8,A2,0.3108773306,23E5,0.310852050781,-2.527981875e-05
8,A3,-0.2087361979,E2A4,-0.208740234375,-4.036475e-06
8,B0,0.8290951795,3A88,0.8291015625,6.383e-06
8,B1,-0.0822962948,ED77,-0.0823059082031,-9.613403125e-06
8,B2,-0.4702396670,D1E8,-0.47021484375,2.482325e-05
8,B3,-0.5067449846,CFC9,-0.506713867188,3.11174124999e-05
8,C0,0.1227362683,17B6,0.122741699219,5.43091874999e-06
9,A0,-0.4745167830,D1A2,-0.474487304688,2.94783125e-05
9,A1,0.1691719804,1AD4,0.169189453125,1.7472725e-05
9,A2,0.7956457672,3976,0.795654296875,8.52967499998e-06
9,A3,-0.2011989897,E320,-0.201171875,2.71147e-05
9,B0,-0.5613584817,CE09,-0.561401367188,-4.28854875e-05
9,B1,0.9950752130,3FD8,0.9951171875,4.19745e-05
9,B2,0.0190525874,08E1,0.0190582275391,5.6401390625e-06
9,B3,-0.8181811757,C5D1,-0.818237304688,-5.61289875e-05
9,C0,-0.9057672492,C304,-0.90576171875,5.53044999996e-06
10,A0,-0.7807017393,C704,-0.78076171875,-5.997945e-05
10,A1,0.2548920834,2050,0.2548828125,-9.27090000002e-06
10,A2,0.5841587287,32B1,0.584106445312,-5.22833875e-05
10,A3,-0.1556800664,E609,-0.155700683594,-2.061719375e-05
10,B0,-0.8729445877,C411,-0.872924804688,1.97830125001e-05
10,B1,-0.2367614270,E0D9,-0.236755371094,6.05590625e-06
10,B2,0.9922427605,3FC0,0.9921875,-5.52605e-05
10,B3,0.0582286902,0F74,0.0582275390625,-1.1511375e-06
10,C0,0.9421567552,3E26,0.942138671875,-1.8083325e-05
11,A0,0.7215594045,3717,0.721557617188,-1.7873125e-06
11,A1,-0.9770379561,C0BC,-0.97705078125,-1.282515e-05
11,A2,0.4414436387,2C41,0.441467285156,2.364645625e-05
11,A3,0.3634207381,2742,0.363403320312,-1.74177875e-05
11,B0,0.0739406608,1177,0.0739440917969,3.430996875e-06
11,B1,-0.4663496201,D227,-0.466369628906,-2.000880625e-05
11,B2,0.2819235972,220B,0.281921386719,-2.21048124999e-06
11,B3,-0.7768956528,C724,-0.77685546875,4.01840499999e-05
11,C0,-0.1304694987,E7A6,-0.130493164062,-2.36653625e-05
12,A0,-0.0925525873,EC27,-0.0925598144531,-7.227153125e-06
12,A1,0.9076318550,3D0B,0.907592773438,-3.90815625e-05
12,A2,0.7517058808,380E,0.751708984375,3.103575e-06
12,A3,-0.4732218985,D1B7,-0.473205566406,1.633209375e-05
12,B0,0.0011722261,0233,0.00117111206055,-1.11403945312e-06
12,B1,-0.6426962389,CB6F,-0.642700195312,-3.95641249995e-06
12,B2,0.8252556787,3A68,0.8251953125,-6.03662000001e-05
12,B3,0.7410371397,37B7,0.741088867188,5.17274875e-05
12,C0,-0.4031104171,D633,-0.403137207031,-2.678993125e-05
13,A0,0.2778989897,21C9,0.277893066406,-5.92329374999e-06
13,A1,0.2179404229,1DF3,0.217956542969,1.612006875e-05
13,A2,-0.6943214629,C9C8,-0.6943359375,-1.44746e-05
13,A3,0.5250216002,30CD,0.525024414062,2.81386250001e-06
13,B0,0.0787580602,1215,0.0787658691406,7.80894062501e-06
13,B1,0.5572529573,31D5,0.557250976562,-1.98073750002e-06
13,B2,0.0607073444,0FC5,0.0606994628906,-7.881509375e-06
13,B3,-0.9988562077,C009,-0.998901367188,-4.51594874999e-05
13,C0,-0.3516878860,D97E,-0.351684570312,3.31568750001e-06
14,A0,-0.9610465152,C13F,-0.961059570312,-1.30551125e-05
14,A1,0.8581972325,3B76,0.858154296875,-4.2935625e-05
14,A2,0.7574437556,383D,0.757446289062,2.53346250001e-06
14,A3,0.6633310587,353A,0.663330078125,-9.80574999976e-07
14,B0,-0.3849717492,D75D,-0.384948730469,2.301873125e-05
14,B1,-0.8841496670,C3B5,-0.884155273438,-5.60643750003e-06
14,B2,0.7560191984,3831,0.755981445312,-3.77530875e-05
14,B3,0.8938988906,3C9B,0.893920898438,2.20078374999e-05
14,C0,-0.8286930959,C57B,-0.828735351562,-4.22556625e-05
15,A0,-0.0280190734,F4D4,-0.0280151367188,3.93668125e-06
15,A1,-0.8615749631,C46E,-0.861572265625,2.69747500004e-06
15,A2,0.5212043305,30AE,0.521240234375,3.5903875e-05
15,A3,0.5316688586,3103,0.531616210938,-5.26476625e-05
15,B0,-0.7432170710,C838,-0.7431640625,5.30085e-05
15,B1,-0.0494352438,F1AC,-0.0494384765625,-3.2327625e-06
15,B2,0.0996071870,14C0,0.099609375,2.188e-06
15,B3,-0.4698867421,D1ED,-0.469909667969,-2.292586875e-05
15,C0,0.7448660822,37D6,0.744873046875,6.96467500005e-06
16,A0,-0.1537241196,E629,-0.153747558594,-2.343899375e-05
16,A1,-0.5764035891,CD8E,-0.576416015625,-1.2426525e-05
16,A2,0.0785921776,120F,0.0785827636719,-9.41392812499e-06
16,A3,0.4598621382,2D6E,0.459838867188,-2.32710125e-05
16,B0,-0.5976978732,CCE0,-0.59765625,4.16232e-05
16,B1,-0.3765674174,D7E6,-0.376586914062,-1.94966625e-05
16,B2,0.9902987133,3FB1,0.990356445312,5.77320125e-05
16,B3,0.2997561153,232F,0.299743652344,-1.246295625e-05
16,C0,-0.1237998322,E827,-0.123809814453,-9.982253125e-06
17,A0,0.0351516821,0C80,0.03515625,4.5679e-06
17,A1,-0.7579916083,C7BF,-0.757934570312,5.70379875e-05
17,A2,-0.5506053259,CE61,-0.550659179688,-5.38537875e-05
17,A3,-0.3238288757,DB46,-0.323852539062,-2.36633625e-05
17,B0,0.1766174369,1B4E,0.176635742188,1.83052875e-05
17,B1,-0.5397705348,CEBA,-0.539794921875,-2.4387075e-05
17,B2,-0.5595652311,CE18,-0.5595703125,-5.0814e-06
17,B3,-0.8580138280,C48B,-0.858032226562,-1.83985625e-05
17,C0,0.2622059145,20C8,0.26220703125,1.11674999997e-06
18,A0,-0.5421164324,CEA7,-0.542114257812,2.17458749996e-06
18,A1,0.8108400260,39F2,0.810791015625,-4.9010375e-05
18,A2,0.7192708005,3704,0.71923828125,-3.251925e-05
18,A3,-0.8582853002,C489,-0.858276367188,8.93301250005e-06
18,B0,-0.5239907313,CF3B,-0.524047851562,-5.71202625e-05
18,B1,0.3379555566,25A1,0.337951660156,-3.89644374998e-06
18,B2,-0.5715263853,CDB6,-0.571533203125,-6.81782500001e-06
18,B3,-0.7353763025,C878,-0.7353515625,2.474e-05
18,C0,0.8710284812,3BDF,0.870971679688,-5.68015125e-05
19,A0,0.1420861867,1918,0.14208984375,3.65704999999e-06
19,A1,-0.0546579474,F101,-0.0546569824219,9.64978124997e-07
19,A2,0.5692388486,3237,0.569213867188,-2.49814125e-05
19,A3,0.6149939955,33AE,0.614990234375,-3.761125e-06
19,B0,-0.6191801713,CC30,-0.619140625,3.95463e-05
19,B1,-0.8061383715,C634,-0.80615234375,-1.397225e-05
19,B2,-0.1378976352,E72D,-0.137878417969,1.921723125e-05
19,B3,-0.1528427540,E638,-0.15283203125,1.072275e-05
19,C0,-0.0659506639,EF8F,-0.0659484863281,2.177571875e-06
20,A0,0.4581516989,2D52,0.458129882812,-2.18160875e-05
20,A1,0.3467290946,2631,0.346740722656,1.162805625e-05
20,A2,0.9683304227,3EFD,0.968383789062,5.33663625e-05
20,A3,-0.8031642577,C64C,-0.80322265625,-5.839855e-05
20,B0,-0.1947574358,E389,-0.194763183594,-5.74779375001e-06
20,B1,-0.3213947892,DB6E,-0.321411132812,-1.63436125e-05
20,B2,0.7233450727,3726,0.723388671875,4.3599175e-05
20,B3,-0.5026873322,CFEA,-0.502685546875,1.78532499995e-06
20,C0,-0.6195821831,CC2C,-0.61962890625,-4.672315e-05
21,A0,-0.1027729043,EAD8,-0.102783203125,-1.0298825e-05
21,A1,-0.1562367203,E600,-0.15625,-1.32797e-05
21,A2,-0.4429097107,D3A7,-0.442932128906,-2.241820625e-05
21,A3,-0.5003871042,CFFD,-0.500366210938,2.08932625e-05
21,B0,0.8465311986,3B17,0.846557617188,2.64185875e-05
21,B1,-0.1137385099,E971,-0.113739013672,-5.03771874993e-07
21,B2,0.7226982095,3720,0.72265625,-4.19595e-05
21,B3,0.1006506249,14E2,0.100646972656,-3.65224375e-06
21,C0,-0.8988233410,C33D,-0.898803710938,1.96300625001e-05
22,A0,0.9985649368,3FF4,0.99853515625,-2.978055e-05
22,A1,0.6720551702,3581,0.671997070312,-5.80998875001e-05
22,A2,0.9379925146,3E04,0.93798828125,-4.23334999999e-06
22,A3,0.8527339660,3B4A,0.852783203125,4.9237125e-05
22,B0,0.6973914688,3651,0.697387695312,-3.77348750003e-06
22,B1,-0.6673777788,CAA5,-0.667358398438,1.93803625e-05
22,B2,-0.0287177491,F4A6,-0.0287170410156,7.08084374999e-07
22,B3,-0.5725054016,CDAE,-0.572509765625,-4.36402500004e-06
22,C0,-0.1979194149,E355,-0.197937011719,-1.759681875e-05
23,A0,-0.8827292001,C3C1,-0.882690429688,3.87704125e-05
23,A1,-0.2420537620,E082,-0.242065429688,-1.16676875e-05
23,A2,0.9706176876,3F0F,0.970581054688,-3.66329125e-05
23,A3,-0.4695938837,D1F2,-0.469604492188,-1.06084875e-05
23,B0,0.5681412039,322E,0.568115234375,-2.5969525e-05
23,B1,-0.0899832653,EC7B,-0.0899963378906,-1.3072590625e-05
23,B2,-0.1539850280,E625,-0.153991699219,-6.67121875e-06
23,B3,0.9146352817,3D45,0.914672851562,3.75698625e-05
23,C0,0.9908453790,3FB5,0.990844726562,-6.52437500026e-07
24,A0,0.1115366468,1647,0.111541748047,5.101246875e-06
24,A1,0.4368165506,2BF5,0.436828613281,1.206268125e-05
24,A2,-0.6904063495,C9E8,-0.6904296875,-2.3338e-05
24,A3,-0.4065843490,D5FB,-0.406555175781,2.917321875e-05
24,B0,0.9374187299,3DFF,0.937377929688,-4.08002125e-05
24,B1,0.1583605816,1A23,0.158386230469,2.564886875e-05
24,B2,0.0843904027,12CD,0.0843811035156,-9.29918437501e-06
24,B3,0.4959511208,2FBE,0.495971679688,2.05588875e-05
24,C0,-0.8856694542,C3A9,-0.885620117188,4.93370125e-05
25,A0,0.1683551889,1AC6,0.168334960938,-2.02279625e-05
25,A1,0.0057007658,04EB,0.00569915771484,-1.60808515625e-06
25,A2,0.7054397841,3693,0.705444335938,4.55183750003e-06
25,A3,-0.6851345441,CA13,-0.685180664062,-4.61199625e-05
25,B0,0.9215578065,3D7D,0.921508789062,-4.90174375e-05
25,B1,-0.8397770695,C521,-0.839721679688,5.53898125e-05
25,B2,-0.6283500780,CBE5,-0.628295898438,5.41795625e-05
25,B3,0.1900702129,1C2A,0.190063476562,-6.73633750001e-06
25,C0,0.3504251072,266D,0.350402832031,-2.227516875e-05
26,A0,-0.5295922100,CF0E,-0.529541015625,5.1194375e-05
26,A1,-0.7602267721,C7AC,-0.76025390625,-2.713415e-05
26,A2,0.7805746283,38FA,0.780517578125,-5.7050175e-05
26,A3,-0.5075693044,CFC2,-0.507568359375,9.45025000032e-07
26,B0,0.1890383071,1C19,0.189025878906,-1.242819375e-05
26,B1,0.2387630207,1F48,0.23876953125,6.51055000001e-06
26,B2,-0.1615501693,E5A9,-0.161560058594,-9.88929375001e-06
26,B3,0.1673445786,1AB6,0.167358398438,1.38198375e-05
26,C0,0.0455654311,0DD5,0.0455627441406,-2.686959375e-06
27,A0,0.8694125155,3BD2,0.869384765625,-2.7749875e-05
27,A1,-0.5914816012,CD13,-0.591430664062,5.09371375e-05
27,A2,0.4323836016,2BAC,0.432373046875,-1.0554725e-05
27,A3,-0.5226280948,CF47,-0.522583007812,4.50869875001e-05
27,B0,-0.2084283064,E2A9,-0.208435058594,-6.75219374999e-06
27,B1,0.3433804459,25FA,0.343383789062,3.3431625e-06
27,B2,-0.4000058404,D666,-0.400024414062,-1.85736625e-05
27,B3,-0.3676456075,D878,-0.36767578125,-3.017375e-05
27,C0,0.5037289848,301F,0.503784179688,5.51948875001e-05
28,A0,-0.8549137710,C4A5,-0.854858398438,5.53725625e-05
28,A1,-0.0834289548,ED52,-0.0834350585938,-6.10379375e-06
28,A2,0.9969088817,3FE7,0.996948242188,3.93604875e-05
28,A3,0.9921928957,3FC0,0.9921875,-5.39570000002e-06
28,B0,-0.8534785578,C4B0,-0.853515625,-3.70672e-05
28,B1,-0.5736913755,CDA4,-0.57373046875,-3.909325e-05
28,B2,-0.4695991705,D1F2,-0.469604492188,-5.3216875e-06
28,B3,0.8665187560,3BBB,0.866577148438,5.83924375001e-05
28,C0,0.7617283474,3860,0.76171875,-9.59739999995e-06
29,A0,0.7585404850,3846,0.758544921875,4.43687499996e-06
29,A1,-0.2609458225,DF4D,-0.260925292969,2.052953125e-05
29,A2,-0.6845063353,CA19,-0.684448242188,5.80931125e-05
29,A3,0.6674899093,355C,0.66748046875,-9.44054999996e-06
29,B0,0.4070798502,2A0E,0.407104492188,2.46419875e-05
29,B1,0.2233555315,1E4B,0.223327636719,-2.789478125e-05
29,B2,0.9744661273,3F2F,0.974487304688,2.11773875e-05
29,B3,0.3079526354,23B5,0.307922363281,-3.027211875e-05
29,C0,-0.9843537857,C080,-0.984375,-2.12143e-05
30,A0,0.6342082702,344B,0.634155273438,-5.29967625e-05
30,A1,-0.4012424956,D652,-0.401245117188,-2.62158749997e-06
30,A2,0.3267774299,24EA,0.326782226562,4.79666249997e-06
30,A3,0.8778600079,3C17,0.877807617188,-5.23907125e-05
30,B0,-0.7314177712,C898,-0.7314453125,-2.75413e-05
30,B1,-0.7691426592,C763,-0.769165039062,-2.23798625e-05
30,B2,-0.7859280446,C6DA,-0.785888671875,3.9372725e-05
30,B3,0.1064472818,15A0,0.1064453125,-1.9693e-06
30,C0,-0.4553035754,D2DC,-0.455322265625,-1.8690225e-05
31,A0,0.2096596541,1D6B,0.209655761719,-3.89238125001e-06
31,A1,0.4352243743,2BDB,0.435241699219,1.732491875e-05
31,A2,-0.5928053753,CD08,-0.5927734375,3.19378e-05
31,A3,0.2684759178,212F,0.268493652344,1.773454375e-05
31,B0,-0.4720321967,D1CA,-0.472045898438,-1.37017375e-05
31,B1,-0.0229362957,F621,-0.0229339599609,2.3357390625e-06
31,B2,0.8106729822,39F1,0.810668945312,-4.03688749995e-06
31,B3,0.6922074266,3627,0.692260742188,5.33155875e-05
31,C0,-0.8154030646,C5E8,-0.8154296875,-2.66229e-05
32,A0,-0.1528484549,E638,-0.15283203125,1.642365e-05
32,A1,-0.4466395521,D36A,-0.446655273438,-1.57213375e-05
32,A2,-0.9929086218,C03A,-0.992919921875,-1.13000750001e-05
32,A3,0.5422384460,315A,0.542236328125,-2.11787500004e-06
32,B0,0.2742267546,218D,0.274230957031,4.20243124999e-06
32,B1,-0.4760894751,D188,-0.47607421875,1.525635e-05
32,B2,0.4824618167,2EE1,0.482482910156,2.109345625e-05
32,B3,0.1033608423,153B,0.103363037109,2.19480937499e-06
32,C0,-0.1446261620,E6BE,-0.144653320312,-2.71583125e-05
33,A0,-0.9806606008,C09E,-0.980712890625,-5.22898250001e-05
33,A1,-0.8495122799,C4D1,-0.849487304688,2.49752125e-05
33,A2,0.7662127866,3885,0.766235351562,2.25649625e-05
33,A3,0.8078571431,39DA,0.807861328125,4.18502499999e-06
33,B0,0.0911805784,13AC,0.0911865234375,5.9450375e-06
33,B1,0.6691900398,356A,0.669189453125,-5.86675000025e-07
33,B2,0.1650191330,1A90,0.1650390625,1.99295e-05
33,B3,-0.7038124289,C97A,-0.703857421875,-4.4992975e-05
33,C0,-0.7451089614,C828,-0.7451171875,-8.22609999995e-06
34,A0,-0.3834833001,D775,-0.383483886719,-5.8661875002e-07
34,A1,0.7979629775,3989,0.797973632812,1.06553125e-05
34,A2,0.5922446098,32F4,0.59228515625,4.054645e-05
34,A3,0.7214051640,3716,0.721435546875,3.0382875e-05
34,B0,0.7978492731,3988,0.7978515625,2.28940000002e-06
34,B1,-0.5798469233,CD72,-0.579833984375,1.2938925e-05
34,B2,-0.5009405216,CFF8,-0.5009765625,-3.60409e-05
34,B3,-0.7944127567,C694,-0.79443359375,-2.083705e-05
34,C0,0.5602324837,31ED,0.560180664062,-5.18196375e-05
35,A0,0.7682694029,3896,0.768310546875,4.1143975e-05
35,A1,-0.1872452203,E404,-0.187255859375,-1.0639075e-05
35,A2,0.2413230203,1F72,0.241333007812,9.9875125e-06
35,A3,-0.6908933233,C9E4,-0.69091796875,-2.464545e-05
35,B0,0.8597620314,3B83,0.859741210938,-2.08204625e-05
35,B1,0.7292113924,3756,0.729248046875,3.6654475e-05
35,B2,0.9524120659,3E7A,0.952392578125,-1.9487775e-05
35,B3,0.6215434399,33E4,0.62158203125,3.859135e-05
35,C0,0.7628324093,3869,0.762817382812,-1.50264875e-05
36,A0,-0.9504272762,C196,-0.950439453125,-1.2176925e-05
36,A1,0.4731289435,2E48,0.47314453125,1.558775e-05
36,A2,-0.3356290641,DA85,-0.335632324219,-3.26011875001e-06
36,A3,0.8616317721,3B92,0.861572265625,-5.9506475e-05
36,B0,0.6044702779,3358,0.6044921875,2.19096e-05
36,B1,0.7281280568,374D,0.728149414062,2.13572625e-05
36,B2,0.6214986331,33E3,0.621459960938,-3.86721625e-05
36,B3,-0.4663885808,D227,-0.466369628906,1.895189375e-05
36,C0,0.5747490183,3264,0.57470703125,-4.198705e-05
37,A0,-0.7838087472,C6EB,-0.783813476562,-4.72936249996e-06
37,A1,0.7443335658,37D2,0.744384765625,5.1199825e-05
37,A2,0.7171865027,36F3,0.717163085938,-2.34167625e-05
37,A3,-0.5551325649,CE3C,-0.55517578125,-4.321635e-05
37,B0,0.6331732112,3443,0.633178710938,5.49973749997e-06
37,B1,-0.0793935306,EDD6,-0.0794067382812,-1.320768125e-05
37,B2,-0.3896182653,D710,-0.3896484375,-3.01722e-05
37,B3,0.5906909983,32E7,0.590698242188,7.24388749995e-06
37,C0,-0.5448090252,CE91,-0.544799804688,9.22051249996e-06
38,A0,-0.9526711306,C184,-0.95263671875,3.441185e-05
38,A1,-0.6137404233,CC5C,-0.61376953125,-2.910795e-05
38,A2,-0.3434760976,DA04,-0.343505859375,-2.9761775e-05
38,A3,0.7287058841,3752,0.728759765625,5.3881525e-05
38,B0,0.9337782081,3DE2,0.933837890625,5.9682525e-05
38,B1,-0.4417500146,D3BA,-0.441772460938,-2.24463375e-05
38,B2,0.2829634772,221C,0.282958984375,-4.49282499998e-06
38,B3,-0.2006432313,E329,-0.200622558594,2.067270625e-05
38,C0,0.9622993744,3ECB,0.962280273438,-1.91009625e-05
39,A0,0.0724314650,1145,0.0724182128906,-1.3252109375e-05
39,A1,0.8784742806,3C1C,0.87841796875,-5.631185e-05
39,A2,-0.7693164963,C762,-0.769287109375,2.9386925e-05
39,A3,0.9408012220,3E1B,0.940795898438,-5.32356250005e-06
39,B0,-0.6428643677,CB6E,-0.642822265625,4.2102075e-05
39,B1,0.9250686315,3D9A,0.925048828125,-1.9803375e-05
39,B2,-0.4690672750,D1FB,-0.469055175781,1.209921875e-05
39,B3,-0.7831949056,C6F0,-0.783203125,-8.21939999995e-06
39,C0,-0.1308724829,E7A0,-0.130859375,1.31079e-05
40,A0,0.4570901213,2D41,0.457092285156,2.16385625001e-06
40,A1,-0.3726453716,D827,-0.372619628906,2.574269375e-05
40,A2,0.2124177066,1D98,0.21240234375,-1.536285e-05
40,A3,0.0228461193,09D9,0.0228424072266,-3.7120734375e-06
40,B0,-0.2296091333,E14E,-0.229614257812,-5.12451250001e-06
40,B1,0.1531760870,19CE,0.153198242188,2.21551875e-05
40,B2,-0.4905549877,D09B,-0.490539550781,1.543691875e-05
40,B3,0.4175705677,2AB9,0.417541503906,-2.906379375e-05
40,C0,-0.9966174436,C01C,-0.99658203125,3.541235e-05
41,A0,0.8511503310,3B3D,0.851196289062,4.59580625e-05
41,A1,0.0769039942,11D8,0.076904296875,3.02674999994e-07
41,A2,0.4388599983,2C16,0.438842773438,-1.72248625e-05
41,A3,0.4839001557,2EF8,0.48388671875,-1.343695e-05
41,B0,0.3412570089,25D7,0.341247558594,-9.45030624999e-06
41,B1,-0.2715570564,DE9F,-0.271545410156,1.164624375e-05
41,B2,-0.8600523777,C47A,-0.860107421875,-5.5044175e-05
41,B3,0.3284753698,2506,0.328491210938,1.58411375e-05
41,C0,-0.3395999279,DA44,-0.339599609375,3.18524999987e-07
42,A0,-0.3721687099,D82E,-0.372192382812,-2.36729125e-05
42,A1,0.6960305590,3646,0.696044921875,1.4362875e-05
42,A2,0.4395085260,2C21,0.439514160156,5.63415624999e-06
42,A3,-0.3993554636,D671,-0.399353027344,2.43625625002e-06
42,B0,-0.3814306756,D797,-0.381408691406,2.198419375e-05
42,B1,-0.1832141828,E446,-0.183227539062,-1.33562625e-05
42,B2,-0.1951992259,E382,-0.195190429688,8.7962125e-06
42,B3,-0.4086895949,D5D8,-0.40869140625,-1.81134999999e-06
42,C0,-0.7454244019,C825,-0.745483398438,-5.89965375e-05
43,A0,-0.1591073325,E5D1,-0.159118652344,-1.131984375e-05
43,A1,0.8807273415,3C2F,0.880737304688,9.96318750002e-06
43,A2,0.3546358905,26B2,0.354614257812,-2.16326875e-05
43,A3,0.8056110915,39C8,0.8056640625,5.2971e-05
43,B0,0.2310298319,1EC9,0.231018066406,-1.176549375e-05
43,B1,-0.3981002509,D686,-0.398071289062,2.89618375e-05
43,B2,0.0958744263,1446,0.0958862304688,1.180416875e-05
43,B3,-0.9991881206,C007,-0.999145507812,4.26127875e-05
43,C0,-0.4261725663,D4BA,-0.426147460938,2.51053625e-05
44,A0,-0.1402237000,E707,-0.140197753906,2.594609375e-05
44,A1,0.1599695624,1A3D,0.159973144531,3.58213125001e-06
44,A2,0.3094112474,23CD,0.309387207031,-2.404036875e-05
44,A3,-0.0700236195,EF09,-0.0700378417969,-1.4222296875e-05
44,B0,-0.1156804014,E931,-0.115692138672,-1.1737271875e-05
44,B1,-0.5725971980,CDAD,-0.572631835938,-3.46379375e-05
44,B2,-0.0536276282,F123,-0.0536193847656,8.243434375e-06
44,B3,0.8023616517,39AD,0.802368164062,6.51236250004e-06
44,C0,0.5920495203,32F2,0.592041015625,-8.50467500002e-06
45,A0,-0.6606172076,CADC,-0.66064453125,-2.732365e-05
45,A1,-0.8304089265,C56D,-0.830444335938,-3.54094375e-05
45,A2,0.0309040198,0BE9,0.0308990478516,-4.9719484375e-06
45,A3,0.2658817115,2104,0.265869140625,-1.2570875e-05
45,B0,-0.3296234892,DAE7,-0.329650878906,-2.738970625e-05
45,B1,0.6368469291,3461,0.636840820312,-6.10878749996e-06
45,B2,0.5022762751,3013,0.502319335938,4.30608375001e-05
45,B3,0.3455913411,261E,0.345581054688,-1.02864125e-05
45,C0,-0.5507186680,CE61,-0.550659179688,5.94883125e-05
46,A0,-0.6017401345,CCBF,-0.601684570312,5.55641875e-05
46,A1,-0.9511492245,C190,-0.951171875,-2.26505000001e-05
46,A2,-0.5103149118,CFAC,-0.51025390625,6.100555e-05
46,A3,-0.0497273116,F1A3,-0.0497131347656,1.4176834375e-05
46,B0,0.6994753892,3662,0.699462890625,-1.2498575e-05
46,B1,-0.8543435416,C4A9,-0.854370117188,-2.65755875e-05
46,B2,-0.1711179780,E50C,-0.171142578125,-2.4600125e-05
46,B3,0.2595307615,209C,0.259521484375,-9.27712499998e-06
46,C0,-0.6111295265,CC72,-0.611083984375,4.5542125e-05
47,A0,0.3927085010,2922,0.392700195312,-8.30568749999e-06
47,A1,-0.0112456620,F91F,-0.0112457275391,-6.55390625e-08
47,A2,-0.5120311208,CF9D,-0.512084960938,-5.38401375e-05
47,A3,0.3121160222,23FA,0.312133789062,1.77668625e-05
47,B0,-0.9889103637,C05B,-0.988891601562,1.87621375e-05
47,B1,0.5019289532,3010,0.501953125,2.41718e-05
47,B2,0.5400923771,3148,0.5400390625,-5.33146e-05
47,B3,-0.7868254069,C6D2,-0.786865234375,-3.9827475e-05
47,C0,-0.1497076121,E66B,-0.149719238281,-1.162618125e-05
48,A0,-0.6482266366,CB42,-0.648193359375,3.3277225e-05
48,A1,0.9159320846,3D4F,0.915893554688,-3.85299125e-05
48,A2,0.0359155009,0C99,0.0359191894531,3.688553125e-06
48,A3,-0.8995632297,C337,-0.899536132812,2.70968875e-05
48,B0,-0.5016034407,CFF3,-0.501586914062,1.65266375e-05
48,B1,0.6966726947,364B,0.696655273438,-1.74212625e-05
48,B2,-0.0870763491,ECDB,-0.0870666503906,9.69870937501e-06
48,B3,0.6028332034,334A,0.602783203125,-5.0000275e-05
48,C0,0.3351554652,2573,0.335144042969,-1.142223125e-05
49,A0,0.9757849061,3F3A,0.975830078125,4.5172025e-05
49,A1,0.1909046369,1C38,0.19091796875,1.333185e-05
49,A2,0.9000792169,3CCD,0.900024414062,-5.48028375e-05
49,A3,0.7828518516,390D,0.782836914062,-1.49375375e-05
49,B0,0.2253046455,1E6B,0.225280761719,-2.388378125e-05
49,B1,0.4385479226,2C11,0.438537597656,-1.032494375e-05
49,B2,0.0095563296,0672,0.00955200195312,-4.327646875e-06
49,B3,0.6611383394,3528,0.6611328125,-5.5269e-06
49,C0,0.0957439012,1441,0.0957336425781,-1.0258621875e-05
50,A0,0.7944162065,396C,0.79443359375,1.738725e-05
50,A1,0.4873108843,2F30,0.4873046875,-6.19680000002e-06
50,A2,-0.0506511264,F184,-0.0506591796875,-8.0532875e-06
50,A3,-0.4816169031,D12D,-0.481628417969,-1.151486875e-05
50,B0,-0.5055205250,CFD3,-0.505493164062,2.73609375e-05
50,B1,0.2753228736,219F,0.275329589844,6.71624374998e-06
50,B2,0.5316273686,3103,0.531616210938,-1.11576625e-05
50,B3,0.0425996257,0D74,0.0426025390625,2.9133625e-06
50,C0,0.2534968740,2039,0.253479003906,-1.787009375e-05
51,A0,-0.4508051062,D326,-0.450805664062,-5.57862499972e-07
51,A1,-0.8450332923,C4F5,-0.845092773438,-5.94811375e-05
51,A2,-0.4285436983,D493,-0.428527832031,1.586626875e-05
51,A3,-0.4565697858,D2C8,-0.45654296875,2.681705e-05
51,B0,-0.3605808632,D8EC,-0.360595703125,-1.4839925e-05
51,B1,0.0803044450,1247,0.0802917480469,-1.2696953125e-05
51,B2,-0.7232518770,C8DB,-0.723266601562,-1.47245625e-05
51,B3,-0.5374770405,CECD,-0.537475585938,1.4545625e-06
51,C0,0.3878996246,28D3,0.387878417969,-2.120663125e-05
52,A0,0.4128382834,2A6C,0.412841796875,3.51347499999e-06
52,A1,-0.8715422986,C41C,-0.87158203125,-3.973265e-05
52,A2,-0.1848012607,E42C,-0.184814453125,-1.3192425e-05
52,A3,0.0852222810,12E9,0.0852355957031,1.3314703125e-05
52,B0,-0.1684515318,E538,-0.16845703125,-5.49945e-06
52,B1,-0.5863312210,CD3D,-0.586303710938,2.75100625e-05
52,B2,-0.1597129645,E5C7,-0.159729003906,-1.603940625e-05
52,B3,0.8096769567,39E9,0.809692382812,1.54261125e-05
52,C0,0.1681588284,1AC3,0.168151855469,-6.97293124999e-06
53,A0,0.3910459730,2907,0.391052246094,6.27309375001e-06
53,A1,0.7134640646,36D5,0.713500976562,3.69119625e-05
53,A2,0.5311891522,3100,0.53125,6.08478e-05
53,A3,-0.2392379421,E0B0,-0.2392578125,-1.98704e-05
53,B0,-0.9882078328,C061,-0.988159179688,4.86531125e-05
53,B1,-0.2964823947,DD06,-0.296508789062,-2.63943625e-05
53,B2,0.5069502501,3039,0.506958007812,7.75771249995e-06
53,B3,0.7068959011,369F,0.706909179688,1.32785875e-05
53,C0,0.9068606769,3D05,0.906860351562,-3.25337500051e-07
54,A0,-0.1619574347,E5A2,-0.161987304688,-2.98699875e-05
54,A1,0.4950313380,2FAF,0.495056152344,2.481434375e-05
54,A2,0.0922646195,13CF,0.0922546386719,-9.98082812501e-06
54,A3,0.2065051779,1D37,0.206481933594,-2.324430625e-05
54,B0,-0.5589226114,CE1D,-0.558959960938,-3.73495375e-05
54,B1,-0.5611567308,CE0B,-0.561157226562,-4.95762500052e-07
54,B2,-0.1283280479,E7C9,-0.128356933594,-2.888569375e-05
54,B3,-0.9419503601,C1DC,-0.94189453125,5.582885e-05
54,C0,-0.3277409126,DB06,-0.327758789062,-1.78764625e-05
55,A0,0.3582837701,26EE,0.358276367188,-7.40291250001e-06
55,A1,-0.1913666617,E3C1,-0.191345214844,2.144685625e-05
55,A2,-0.6699105376,CA90,-0.669921875,-1.13374e-05
55,A3,-0.0652197015,EFA7,-0.0652160644531,3.637046875e-06
55,B0,-0.7447444054,C82B,-0.744750976562,-6.57116250002e-06
55,B1,0.2445139219,1FA6,0.244506835938,-7.08596249999e-06
55,B2,-0.9460670962,C1BA,-0.946044921875,2.2174325e-05
55,B3,-0.2119594873,E26F,-0.211975097656,-1.561035625e-05
55,C0,0.1287839660,183E,0.128784179688,2.136875e-07
56,A0,-0.9457959073,C1BC,-0.94580078125,-4.87395000004e-06
56,A1,0.2854992960,2246,0.285522460938,2.31649375e-05
56,A2,-0.7286010255,C8AF,-0.728637695312,-3.66698124999e-05
56,A3,-0.0766031119,EE32,-0.0765991210938,3.99080625001e-06
56,B0,-0.8994307330,C338,-0.8994140625,1.66705e-05
56,B1,-0.2417922716,E086,-0.241821289062,-2.90174625e-05
56,B2,-0.5766794316,CD8C,-0.57666015625,1.927535e-05
56,B3,-0.3463083902,D9D6,-0.346313476562,-5.08636250002e-06
56,C0,0.5224594158,30B8,0.5224609375,1.52170000001e-06
57,A0,-0.2417475689,E087,-0.241760253906,-1.268500625e-05
57,A1,0.5040196471,3021,0.504028320312,8.67321249998e-06
57,A2,0.6638485703,353E,0.663818359375,-3.0210925e-05
57,A3,-0.4954569364,D04A,-0.495483398438,-2.64620375e-05
57,B0,-0.8361875345,C53E,-0.836181640625,5.89387500005e-06
57,B1,-0.9612334259,C13E,-0.961181640625,5.1785275e-05
57,B2,0.0788380958,1217,0.0788269042969,-1.1191503125e-05
57,B3,0.9998156570,3FFE,0.999755859375,-5.9797625e-05
57,C0,-0.3000793126,DCCC,-0.300048828125,3.0484475e-05
58,A0,0.3002881865,2338,0.30029296875,4.78225e-06
58,A1,0.5624660992,3200,0.5625,3.39008e-05
58,A2,0.3035093105,236D,0.303527832031,1.852153125e-05
58,A3,0.5084664081,3045,0.508422851562,-4.35565375e-05
58,B0,0.8992234654,3CC6,0.899169921875,-5.3543525e-05
58,B1,-0.6012786353,CCC2,-0.601318359375,-3.9724075e-05
58,B2,-0.9592399654,C14E,-0.959228515625,1.1449775e-05
58,B3,-0.6952353084,C9C1,-0.695190429688,4.48787125e-05
58,C0,-0.7475580503,C814,-0.74755859375,-5.43450000001e-07
59,A0,0.3389176892,25B1,0.338928222656,1.053345625e-05
59,A1,0.1279391639,1830,0.1279296875,-9.47640000001e-06
59,A2,-0.5640709182,CDF3,-0.564086914062,-1.59958625e-05
59,A3,0.3989299425,2988,0.39892578125,-4.16125000002e-06
59,B0,0.5337961967,3115,0.533813476562,1.72798625e-05
59,B1,-0.6644217133,CABD,-0.664428710938,-6.99763750001e-06
59,B2,0.2144949878,1DBA,0.214477539062,-1.74487375e-05
59,B3,0.4958513039,2FBC,0.495849609375,-1.69452499998e-06
59,C0,-0.7709342572,C755,-0.770874023438,6.02337625e-05
60,A0,0.6386023486,346F,0.638549804688,-5.25439125e-05
60,A1,0.9294415461,3DBE,0.929443359375,1.81327500004e-06
60,A2,-0.7838025007,C6EB,-0.783813476562,-1.09758625e-05
60,A3,-0.9486431490,C1A5,-0.948608398438,3.47505625e-05
60,B0,-0.3760855112,D7EE,-0.376098632812,-1.31216125e-05
60,B1,0.3546945737,26B3,0.354675292969,-1.928073125e-05
60,B2,0.9163456764,3D53,0.916381835938,3.61595375e-05
60,B3,-0.2066911170,E2C6,-0.206665039062,2.60779375e-05
60,C0,0.4300294101,2B86,0.430053710938,2.43008375e-05
61,A0,-0.8480070443,C4DD,-0.848022460938,-1.54166375e-05
61,A1,0.3812288319,2866,0.381225585938,-3.24596250001e-06
61,A2,0.2544847912,2049,0.254455566406,-2.922479375e-05
61,A3,-0.7961973891,C686,-0.796142578125,5.4810975e-05
61,B0,0.5449617699,3170,0.544921875,-3.98949e-05
61,B1,0.7005864782,366B,0.700561523438,-2.49547625e-05
61,B2,0.2008232296,1CDA,0.200805664062,-1.75655375e-05
61,B3,-0.7578898699,C7BF,-0.757934570312,-4.47004125e-05
61,C0,0.9676887030,3EF7,0.967651367188,-3.73358125e-05
62,A0,0.5652706927,3217,0.565307617188,3.69244875e-05
62,A1,-0.3055924694,DC71,-0.305603027344,-1.055794375e-05
62,A2,-0.1432439735,E6D5,-0.143249511719,-5.53821874999e-06
62,A3,-0.2588582476,DF6F,-0.258850097656,8.14994374998e-06
62,B0,0.0119215794,070D,0.0119171142578,-4.4651421875e-06
62,B1,-0.3175376503,DBAD,-0.317565917969,-2.826766875e-05
62,B2,0.6991512540,365F,0.699096679688,-5.45743125e-05
62,B3,0.6446618362,34A1,0.644653320312,-8.51588749995e-06
62,C0,-0.7889222587,C6C1,-0.788940429688,-1.81709875e-05
63,A0,0.9215751344,3D7E,0.921630859375,5.57249749999e-05
63,A1,0.2711702122,215B,0.271179199219,8.98701875002e-06
63,A2,0.6574146220,350A,0.657470703125,5.6081125e-05
63,A3,0.4146172874,2A89,0.414611816406,-5.47099374998e-06
63,B0,-0.1290257100,E7BE,-0.129028320312,-2.61031250001e-06
63,B1,0.4675906080,2DED,0.467590332031,-2.75968750019e-07
63,B2,0.9309474625,3DCA,0.930908203125,-3.9259375e-05
63,B3,-0.4598352072,D292,-0.459838867188,-3.65998750002e-06
63,C0,0.6163984376,33BA,0.616455078125,5.6640525e-05
64,A0,0.0763458129,11C6,0.0763549804688,9.16756875e-06
64,A1,-0.0330049922,F3C6,-0.0330200195312,-1.502733125e-05
64,A2,-0.1288510140,E7C1,-0.128845214844,5.79915625001e-06
64,A3,0.4620524286,2D92,0.462036132812,-1.62957875e-05
64,B0,-0.4632089239,D25B,-0.463195800781,1.312311875e-05
64,B1,0.7034263200,3682,0.703369140625,-5.7179375e-05
64,B2,0.6614620378,352B,0.661499023438,3.69856375e-05
64,B3,-0.8266742039,C58C,-0.82666015625,1.404765e-05
64,C0,0.7632623680,386D,0.763305664062,4.32960625e-05
65,A0,-0.5122731216,CF9B,-0.512329101562,-5.59799625e-05
65,A1,-0.0705830668,EEF7,-0.0705871582031,-4.091403125e-06
65,A2,0.2206634085,1E1F,0.220642089844,-2.131865625e-05
65,A3,-0.2420213917,E083,-0.242004394531,1.699716875e-05
65,B0,-0.9426000045,C1D6,-0.942626953125,-2.6948625e-05
65,B1,0.7019056726,3676,0.701904296875,-1.37572500003e-06
65,B2,-0.6363202857,CBA3,-0.636352539062,-3.22533625e-05
65,B3,-0.5757602996,CD93,-0.575805664062,-4.53644625e-05
65,C0,0.5956647137,3310,0.595703125,3.84113e-05
66,A0,-0.3193223137,DB90,-0.3193359375,-1.36238e-05
66,A1,0.7606399595,3857,0.760620117188,-1.98423125e-05
66,A2,0.4023675007,29C0,0.40234375,-2.37507e-05
66,A3,-0.4474628485,D35D,-0.447448730469,1.411803125e-05
66,B0,-0.9796977711,C0A6,-0.979736328125,-3.8557025e-05
66,B1,0.8961251556,3CAD,0.896118164062,-6.99153749995e-06
66,B2,-0.8287740761,C57B,-0.828735351562,3.87245375e-05
66,B3,0.4401493282,2C2B,0.440124511719,-2.481648125e-05
66,C0,-0.0228443063,F627,-0.0228424072266,1.8990734375e-06
67,A0,0.5163293070,3086,0.516357421875,2.8114875e-05
67,A1,0.3812186789,2866,0.381225585938,6.9070375e-06
67,A2,0.2918057995,22AD,0.291809082031,3.28253124998e-06
67,A3,-0.0183573298,F74D,-0.0183563232422,1.0065578125e-06
67,B0,0.5858657363,32BF,0.585815429688,-5.03066125001e-05
67,B1,-0.8138932989,C5F5,-0.813842773438,5.05254625e-05
67,B2,-0.5568071991,CE2F,-0.556762695312,4.45037875e-05
67,B3,0.3835743106,288C,0.383544921875,-2.9388725e-05
67,C0,-0.3875879397,D732,-0.387573242188,1.46975125e-05
68,A0,0.1631111707,1A70,0.1630859375,-2.52332e-05
68,A1,-0.0534790225,F128,-0.053466796875,1.2225625e-05
68,A2,0.0618438623,0FEA,0.0618286132812,-1.524901875e-05
68,A3,-0.1489923746,E677,-0.148986816406,5.55819375e-06
68,B0,0.4918708734,2F7B,0.491882324219,1.145081875e-05
68,B1,-0.3384174056,DA57,-0.338439941406,-2.253580625e-05
68,B2,0.4057098844,29F7,0.405700683594,-9.20080625e-06
68,B3,-0.4581671460,D2AD,-0.458190917969,-2.377196875e-05
68,C0,-0.4971926476,D02E,-0.497192382812,2.64787499982e-07
69,A0,-0.7586882305,C7B9,-0.758666992188,2.12383125e-05
69,A1,-0.6148314131,CC53,-0.614868164062,-3.67509625e-05
69,A2,-0.7608905175,C7A7,-0.760864257812,2.62596875e-05
69,A3,0.0717279308,112E,0.0717163085938,-1.162220625e-05
69,B0,0.5243792190,30C8,0.5244140625,3.48435e-05
69,B1,-0.6297003151,CBD9,-0.629760742188,-6.04270875e-05
69,B2,-0.5672307202,CDD9,-0.567260742188,-3.00219875e-05
69,B3,-0.0316028256,F3F4,-0.0316162109375,-1.33853375e-05
69,C0,0.4491700022,2CBF,0.449157714844,-1.228735625e-05
70,A0,0.9532140458,3E81,0.953247070312,3.30245125e-05
70,A1,0.0492737382,0E4F,0.0492858886719,1.2150471875e-05
70,A2,-0.4340025935,D439,-0.434020996094,-1.840259375e-05
70,A3,-0.7989477838,C66F,-0.798950195312,-2.41151250002e-06
70,B0,-0.6117648438,CC6C,-0.61181640625,-5.156245e-05
70,B1,-0.5450336730,CE8F,-0.545043945312,-1.02723124999e-05
70,B2,-0.6411169126,CB7C,-0.64111328125,3.63135000003e-06
70,B3,-0.9717032655,C0E8,-0.9716796875,2.3578e-05
70,C0,0.0682701785,10BD,0.0682678222656,-2.356234375e-06
71,A0,-0.4513773464,D31D,-0.451354980469,2.236593125e-05
71,A1,0.9485898622,3E5B,0.948608398438,1.85362375e-05
71,A2,0.1067179336,15A9,0.106719970703,2.037103125e-06
71,A3,0.3948347858,2945,0.394836425781,1.63998125002e-06
71,B0,-0.7474410141,C815,-0.747436523438,4.49066249997e-06
71,B1,0.7369223945,3795,0.736938476562,1.60820625e-05
71,B2,-0.0182426110,F754,-0.0182495117188,-6.90071875e-06
71,B3,0.7454394700,37DB,0.745483398438,4.39284375e-05
71,C0,0.1481284393,197B,0.148132324219,3.88491875e-06
72,A0,-0.0612061101,F02A,-0.0612182617188,-1.215161875e-05
72,A1,-0.1190624037,E8C3,-0.119049072266,1.3331434375e-05
72,A2,-0.6312726592,CBCD,-0.631225585938,4.70732625e-05
72,A3,-0.8972465656,C34A,-0.897216796875,2.9768725e-05
72,B0,0.8821271935,3C3A,0.882080078125,-4.7115375e-05
72,B1,-0.0445416255,F24C,-0.0445556640625,-1.40385625e-05
72,B2,0.6442312906,349E,0.644287109375,5.5818775e-05
72,B3,-0.1985851155,E34A,-0.198608398438,-2.32829375e-05
72,C0,-0.8518356595,C4BE,-0.851806640625,2.9018875e-05
73,A0,0.2588914139,2092,0.258911132812,1.97189125e-05
73,A1,-0.8927818514,C36E,-0.892822265625,-4.0414225e-05
73,A2,-0.7016048311,C98C,-0.70166015625,-5.532515e-05
73,A3,0.1256791942,180B,0.125671386719,-7.80748125001e-06
73,B0,-0.3923289763,D6E4,-0.392333984375,-5.00807499998e-06
73,B1,0.9878362454,3F9C,0.98779296875,-4.327665e-05
73,B2,-0.7630968756,C795,-0.763061523438,3.53521624999e-05
73,B3,0.5288868907,30ED,0.528930664062,4.37733625001e-05
73,C0,0.2126353025,1D9C,0.212646484375,1.1181875e-05
74,A0,0.5814816597,329B,0.581420898438,-6.07612625e-05
74,A1,-0.5486257259,CE72,-0.548583984375,4.1741525e-05
74,A2,0.0451450703,0DC7,0.0451354980469,-9.572253125e-06
74,A3,-0.0989710702,EB55,-0.0989685058594,2.564340625e-06
74,B0,-0.1145579920,E956,-0.114562988281,-4.99628125e-06
74,B1,0.7203333317,370D,0.720336914062,3.58236249998e-06
74,B2,0.9800625209,3F5D,0.980102539062,4.00181625e-05
74,B3,-0.3892395114,D717,-0.389221191406,1.831999375e-05
74,C0,0.2420546421,1F7E,0.242065429688,1.07875875e-05
75,A0,0.2192618245,1E08,0.21923828125,-2.354325e-05
75,A1,0.4801786110,2EBB,0.480163574219,-1.503678125e-05
75,A2,0.8951804007,3CA5,0.895141601562,-3.87991375e-05
75,A3,-0.5844241884,CD4C,-0.58447265625,-4.846785e-05
75,B0,-0.5779496094,CD81,-0.578002929688,-5.33202875e-05
75,B1,0.3208562744,2489,0.320861816406,5.54200625003e-06
75,B2,-0.6858858132,CA0D,-0.685913085938,-2.72727375e-05
75,B3,-0.6523729033,CB20,-0.65234375,2.91533e-05
75,C0,-0.8498702622,C4CE,-0.849853515625,1.67465749999e-05
76,A0,-0.9946485548,C02C,-0.99462890625,1.964855e-05
76,A1,-0.0989925908,EB54,-0.0989990234375,-6.4326375e-06
76,A2,0.1876223902,1C02,0.187622070312,-3.19887499989e-07
76,A3,-0.4174814219,D548,-0.41748046875,9.53149999983e-07
76,B0,-0.5370475309,CED1,-0.536987304688,6.02262125e-05
76,B1,0.4139116598,2A7E,0.413940429688,2.87698875e-05
76,B2,0.4059751162,29FB,0.405944824219,-3.029198125e-05
76,B3,-0.0919373472,EC3B,-0.0919494628906,-1.2115690625e-05
76,C0,0.3747698401,27FC,0.374755859375,-1.3980725e-05
77,A0,0.8478220890,3B21,0.847778320312,-4.37686875e-05
77,A1,0.5756560533,326C,0.57568359375,2.754045e-05
77,A2,0.2501160143,2002,0.250122070312,6.05601249998e-06
77,A3,0.3223660857,24A2,0.322387695312,2.16096125e-05
77,B0,0.8673369169,3BC1,0.867309570312,-2.73465875e-05
77,B1,-0.1497220678,E66B,-0.149719238281,2.82951875e-06
77,B2,0.0891247574,1368,0.089111328125,-1.3429275e-05
77,B3,0.2952694468,22E6,0.295288085938,1.86391375e-05
77,C0,0.8168228904,3A23,0.816772460938,-5.04294625e-05
78,A0,0.6532623193,34E8,0.6533203125,5.79932e-05
78,A1,-0.8571803263,C492,-0.857177734375,2.59192499996e-06
78,A2,-0.6681544216,CA9E,-0.668212890625,-5.8469025e-05
78,A3,-0.3847763748,D760,-0.384765625,1.07498e-05
78,B0,0.4979154441,2FDE,0.497924804688,9.36058750001e-06
78,B1,0.1384140986,18DC,0.138427734375,1.3635775e-05
78,B2,-0.4227788234,D4F1,-0.422790527344,-1.170394375e-05
78,B3,-0.7512926837,C7F5,-0.751342773438,-5.00897375e-05
78,C0,0.3773559824,2827,0.377380371094,2.438869375e-05
79,A0,0.3994673700,2991,0.399475097656,7.72765625001e-06
79,A1,0.8853524815,3C55,0.885375976562,2.34950625e-05
79,A2,0.0009443542,01F8,0.000946044921875,1.690721875e-06
79,A3,-0.0124095613,F8D3,-0.0124053955078,4.1657921875e-06
79,B0,-0.8391162962,C526,-0.839111328125,4.96807499994e-06
79,B1,-0.9202784316,C28D,-0.920288085938,-9.6543375e-06
79,B2,-0.1359426717,E74D,-0.135925292969,1.737873125e-05
79,B3,-0.3553568333,D942,-0.355346679688,1.01536125e-05
79,C0,-0.4992641952,D00C,-0.499267578125,-3.38292500002e-06
80,A0,-0.8173462267,C5D8,-0.8173828125,-3.65858e-05
80,A1,0.9238222044,3D90,0.923828125,5.92060000004e-06
80,A2,0.6719172278,3580,0.671875,-4.22278e-05
80,A3,0.1503982184,19A0,0.150390625,-7.59340000001e-06
80,B0,0.9015725556,3CDA,0.901611328125,3.8772525e-05
80,B1,0.9991448338,3FF9,0.999145507812,6.74012500035e-07
80,B2,0.3445631686,260D,0.344543457031,-1.971156875e-05
80,B3,-0.4609779481,D27F,-0.460998535156,-2.058705625e-05
80,C0,-0.9195366537,C293,-0.919555664062,-1.90103625e-05
81,A0,0.5125376608,3067,0.512573242188,3.55813875e-05
81,A1,-0.0589983535,F073,-0.0589904785156,7.874984375e-06
81,A2,0.3030189789,2365,0.303039550781,2.057188125e-05
81,A3,0.8321455759,3AA1,0.832153320312,7.74441249995e-06
81,B0,-0.6370217056,CB9E,-0.636962890625,5.8814975e-05
81,B1,0.1706592506,1AEC,0.170654296875,-4.95372500001e-06
81,B2,0.2695694389,2141,0.269592285156,2.284625625e-05
81,B3,-0.0165483956,F7C3,-0.0165557861328,-7.3905328125e-06
81,C0,-0.8175151874,C5D7,-0.817504882812,1.03045875e-05
82,A0,-0.3040778874,DC8A,-0.304077148438,7.38962500024e-07
82,A1,-0.3333832127,DAAA,-0.333374023438,9.18926249999e-06
82,A2,0.3402670190,25C7,0.340270996094,3.97709375e-06
82,A3,0.7154661888,36E5,0.715454101562,-1.20872375e-05
82,B0,-0.3403926728,DA37,-0.340393066406,-3.93606249982e-07
82,B1,0.3873473480,28CA,0.387329101562,-1.82464375e-05
82,B2,-0.4235644093,D4E4,-0.423583984375,-1.9575075e-05
82,B3,0.8903870791,3C7E,0.890380859375,-6.21972500003e-06
82,C0,0.6271320695,3411,0.627075195312,-5.68741875e-05
83,A0,0.1001932179,14D3,0.100189208984,-4.00891562501e-06
83,A1,-0.0903481828,EC6F,-0.0903625488281,-1.4366028125e-05
83,A2,-0.3709656857,D842,-0.370971679688,-5.99398750001e-06
83,A3,-0.3534524274,D961,-0.353454589844,-2.16244375001e-06
83,B0,0.9403694536,3E18,0.9404296875,6.02339e-05
83,B1,-0.1916498860,E3BC,-0.191650390625,-5.04625000008e-07
83,B2,0.0291925047,0B79,0.0291900634766,-2.4412234375e-06
83,B3,0.9762384296,3F3D,0.976196289062,-4.21405375e-05
83,C0,0.3153207730,242E,0.315307617188,-1.31558125e-05
84,A0,0.0851871887,12E7,0.0851745605469,-1.2628153125e-05
84,A1,-0.1735048584,E4E5,-0.173522949219,-1.809081875e-05
84,A2,-0.6248349172,CC01,-0.624877929688,-4.30124875e-05
84,A3,-0.2764412817,DE4F,-0.276428222656,1.305904375e-05
84,B0,0.5128863081,306A,0.512939453125,5.3145025e-05
84,B1,0.2508174843,200D,0.250793457031,-2.402726875e-05
84,B2,0.5199810721,30A4,0.52001953125,3.845915e-05
84,B3,-0.5928835233,CD07,-0.592895507812,-1.19845125e-05
84,C0,0.0984392782,149A,0.0984497070312,1.042883125e-05
85,A0,0.8553455217,3B5F,0.855346679688,1.1579875e-06
85,A1,-0.1237678099,E828,-0.123779296875,-1.1486975e-05
85,A2,0.3965000582,2960,0.396484375,-1.56832e-05
85,A3,-0.7571478333,C7C5,-0.757202148438,-5.43151375e-05
85,B0,0.9462936316,3E48,0.9462890625,-4.56910000002e-06
85,B1,0.2177433342,1DF0,0.2177734375,3.01033e-05
85,B2,-0.5214050753,CF51,-0.521362304688,4.27706125e-05
85,B3,-0.6832436724,CA23,-0.683227539062,1.61333374999e-05
85,C0,0.1016780140,1504,0.101684570312,6.5563125e-06
86,A0,0.1045028181,1560,0.1044921875,-1.06306e-05
86,A1,-0.8135815974,C5F7,-0.813598632812,-1.70354125e-05
86,A2,0.9845142788,3F81,0.984497070312,-1.72084875e-05
86,A3,0.8258597570,3A6D,0.825805664062,-5.40929375e-05
86,B0,-0.0771042116,EE21,-0.0771179199219,-1.3708321875e-05
86,B1,-0.7650677018,C785,-0.765014648438,5.30533625001e-05
86,B2,0.6642863475,3542,0.664306640625,2.0293125e-05
86,B3,-0.0032489906,FC56,-0.00325012207031,-1.1314703125e-06
86,C0,0.4332066520,2BBA,0.433227539062,2.08870625e-05
87,A0,0.0177440301,088B,0.0177459716797,1.9415796875e-06
87,A1,-0.4531502066,D300,-0.453125,2.52066e-05
87,A2,0.6694478912,356C,0.66943359375,-1.429745e-05
87,A3,0.9604892652,3EBC,0.96044921875,-4.004645e-05
87,B0,-0.5125381878,CF99,-0.512573242188,-3.50543875e-05
87,B1,0.1025301538,1520,0.1025390625,8.9087e-06
87,B2,-0.2328279735,E119,-0.232849121094,-2.114759375e-05
87,B3,0.8437362999,3B00,0.84375,1.37001e-05
87,C0,0.0164817832,0838,0.0164794921875,-2.2910125e-06
88,A0,0.7586525103,3847,0.758666992188,1.44818875e-05
88,A1,0.7280538689,374C,0.72802734375,-2.652515e-05
88,A2,-0.4475051944,D35C,-0.447509765625,-4.57122500003e-06
88,A3,0.5800123640,328F,0.579956054688,-5.63093125e-05
88,B0,-0.1701151529,E51D,-0.170104980469,1.017243125e-05
88,B1,0.8684967874,3BCB,0.868530273438,3.34860375e-05
88,B2,0.0154753516,07F6,0.0154724121094,-2.939490625e-06
88,B3,0.6410989464,3484,0.64111328125,1.433485e-05
88,C0,-0.4343220334,D434,-0.434326171875,-4.13847500003e-06
89,A0,-0.4028883005,D637,-0.402893066406,-4.76590624998e-06
89,A1,0.1738754448,1B21,0.173889160156,1.371535625e-05
89,A2,0.9978046665,3FEE,0.997802734375,-1.93212499999e-06
89,A3,-0.0207193067,F6B2,-0.0207214355469,-2.128846875e-06
89,B0,-0.7028091632,C983,-0.702758789062,5.03741375e-05
89,B1,0.0771611554,11E0,0.0771484375,-1.27179e-05
89,B2,-0.3097521166,DC2D,-0.309753417969,-1.30136874998e-06
89,B3,0.1038348341,154A,0.103820800781,-1.403331875e-05
89,C0,0.0868601259,131E,0.0868530273438,-7.09855625e-06
90,A0,-0.0893107663,EC91,-0.0893249511719,-1.4184871875e-05
90,A1,-0.3564452995,D930,-0.3564453125,-1.30000000209e-08
90,A2,-0.6226952526,CC13,-0.622680664062,1.45885375e-05
90,A3,0.3949968552,2948,0.39501953125,2.267605e-05
90,B0,0.1435952840,1931,0.143615722656,2.043865625e-05
90,B1,-0.5328751079,CEF3,-0.532836914062,3.81938375e-05
90,B2,0.5510889502,31A3,0.551147460938,5.85107375e-05
90,B3,-0.9127054018,C2CB,-0.912719726562,-1.43247625e-05
90,C0,0.4894103031,2F52,0.489379882812,-3.04202875e-05
91,A0,0.4104557621,2A45,0.410461425781,5.66368124999e-06
91,A1,0.6228178051,33EE,0.622802734375,-1.5070725e-05
91,A2,-0.2278424950,E16B,-0.227844238281,-1.74328124999e-06
91,A3,0.3273776590,24F4,0.327392578125,1.4919125e-05
91,B0,0.6414951034,3487,0.641479492188,-1.56112125e-05
91,B1,0.9616362773,3EC6,0.961669921875,3.3644575e-05
91,B2,-0.0093427008,F99C,-0.00933837890625,4.32189375e-06
91,B3,-0.9259607773,C25F,-0.925903320312,5.74569875e-05
91,C0,0.0045823003,0459,0.00458526611328,2.96581328125e-06
92,A0,0.1803608586,1B8B,0.180358886719,-1.97188125001e-06
92,A1,0.7394006267,37A9,0.739379882812,-2.07438875e-05
92,A2,0.7483807481,37F3,0.748413085938,3.23378375e-05
92,A3,-0.1193875805,E8B8,-0.119384765625,2.81487500001e-06
92,B0,0.0519021736,0EA5,0.0519104003906,8.226790625e-06
92,B1,-0.0861438511,ECF9,-0.0861511230469,-7.271946875e-06
92,B2,0.4448876551,2C79,0.444885253906,-2.40119375e-06
92,B3,-0.1800427605,E47A,-0.180053710938,-1.09504375e-05
92,C0,0.3095626529,23D0,0.3095703125,7.65959999999e-06
93,A0,-0.6912775625,C9E1,-0.691284179688,-6.61718749995e-06
93,A1,-0.0610187980,F031,-0.0610046386719,1.4159328125e-05
93,A2,0.9384072611,3E07,0.938354492188,-5.27689124999e-05
93,A3,-0.3228775319,DB56,-0.322875976562,1.55533750001e-06
93,B0,0.3854091972,28AB,0.385437011719,2.781451875e-05
93,B1,0.2996733052,232E,0.299682617188,9.31198749998e-06
93,B2,0.7035305847,3683,0.703491210938,-3.93737625e-05
93,B3,0.7046826731,368D,0.704711914062,2.92409625e-05
93,C0,0.7186843683,36FF,0.718627929688,-5.64386125e-05
94,A0,-0.2399812050,E0A4,-0.239990234375,-9.029375e-06
94,A1,-0.3666776921,D888,-0.36669921875,-2.152665e-05
94,A2,0.4374348504,2BFF,0.437438964844,4.11444374998e-06
94,A3,0.5188036187,309A,0.518798828125,-4.79057500002e-06
94,B0,0.7447660348,37D5,0.744750976562,-1.50582375e-05
94,B1,-0.9282018003,C24C,-0.92822265625,-2.085595e-05
94,B2,-0.8631585056,C461,-0.863159179688,-6.74087500041e-07
94,B3,0.2623220337,20CA,0.262329101562,7.06786249999e-06
94,C0,0.8418581976,3AF1,0.841918945312,6.07477125e-05
95,A0,0.9948518459,3FD6,0.994873046875,2.1200975e-05
95,A1,0.4935327335,2F96,0.493530273438,-2.46006249999e-06
95,A2,-0.1320570562,E78C,-0.132080078125,-2.3021925e-05
95,A3,-0.8031137472,C64D,-0.803100585938,1.31612624999e-05
95,B0,0.2674956576,211F,0.267517089844,2.143224375e-05
95,B1,0.7451584652,37D8,0.7451171875,-4.12777e-05
95,B2,-0.1126428967,E995,-0.112640380859,2.51584062499e-06
95,B3,0.3880023256,28D5,0.388000488281,-1.83731874998e-06
95,C0,0.8068481241,39D2,0.806884765625,3.6641525e-05
96,A0,-0.9080180626,C2F2,-0.907958984375,5.9078225e-05
96,A1,0.5922869303,32F4,0.59228515625,-1.77405000001e-06
96,A2,-0.4132644481,D58D,-0.413269042969,-4.59486874999e-06
96,A3,-0.2503178204,DFFB,-0.250305175781,1.264461875e-05
96,B0,-0.7088604086,C951,-0.708862304688,-1.89608750001e-06
96,B1,0.0623326363,0FFB,0.0623474121094,1.4775809375e-05
96,B2,0.1318561238,1870,0.1318359375,-2.01863e-05
96,B3,0.5850389478,32B9,0.585083007812,4.40600125e-05
96,C0,-0.6600327019,CAE1,-0.660034179688,-1.47778750004e-06
97,A0,-0.8420632987,C50E,-0.842041015625,2.2283075e-05
97,A1,0.7416791973,37BC,0.74169921875,2.002145e-05
97,A2,0.2394207371,1F53,0.239440917969,2.018086875e-05
97,A3,-0.5183404163,CF6A,-0.518310546875,2.98694250001e-05
97,B0,0.8256580320,3A6C,0.82568359375,2.556175e-05
97,B1,-0.7137645597,C929,-0.713745117188,1.94425125e-05
97,B2,-0.0777001733,EE0E,-0.0776977539062,2.41939374999e-06
97,B3,-0.4920453212,D082,-0.492065429688,-2.01084875e-05
97,C0,-0.4893465837,D0AF,-0.489318847656,2.773604375e-05
98,A0,-0.9812051371,C09A,-0.981201171875,3.96522500001e-06
98,A1,0.6092661540,337F,0.609252929688,-1.32243124999e-05
98,A2,0.8024188472,39AD,0.802368164062,-5.06831375e-05
98,A3,0.3552217714,26BC,0.355224609375,2.837975e-06
98,B0,-0.6840487559,CA1C,-0.68408203125,-3.327535e-05
98,B1,-0.1165404328,E915,-0.116546630859,-6.198059375e-06
98,B2,-0.3088687511,DC3B,-0.308898925781,-3.017468125e-05
98,B3,0.1751434103,1B36,0.175170898438,2.74881375e-05
98,C0,0.2778774047,21C9,0.277893066406,1.566170625e-05
99,A0,-0.1513821231,E650,-0.1513671875,1.49356e-05
99,A1,-0.4998035512,D003,-0.499816894531,-1.334333125e-05
99,A2,0.6906078503,3619,0.690551757812,-5.60924875e-05
99,A3,-0.6015660018,CCC0,-0.6015625,3.50179999997e-06
99,B0,-0.2306135021,E13E,-0.230590820312,2.26817875e-05
99,B1,-0.0335838779,F3B4,-0.0335693359375,1.45419625e-05
99,B2,-0.5255885961,CF2E,-0.525634765625,-4.6169525e-05
99,B3,0.1438453847,1935,0.143859863281,1.447858125e-05
99,C0,0.1496238604,1993,0.149597167969,-2.669243125e-05
